file,line,type,commit,author,date,time,timezone,datetime,depth,length
style.css,1,css,593ace94,terantaon,2025-10-10,22:54:19,-07:00,2025-10-10T22:54:19-07:00,0,4
style.css,2,css,593ace94,terantaon,2025-10-10,22:54:19,-07:00,2025-10-10T22:54:19-07:00,1,45
style.css,3,css,593ace94,terantaon,2025-10-10,22:54:19,-07:00,2025-10-10T22:54:19-07:00,1,18
style.css,4,css,593ace94,terantaon,2025-10-10,22:54:19,-07:00,2025-10-10T22:54:19-07:00,1,17
style.css,5,css,c9f761cf,terantaon,2025-10-17,21:43:49,-07:00,2025-10-17T21:43:49-07:00,1,23
style.css,6,css,593ace94,terantaon,2025-10-10,22:54:19,-07:00,2025-10-10T22:54:19-07:00,0,0
style.css,7,css,d3437527,terantaon,2025-10-03,18:07:25,-07:00,2025-10-03T18:07:25-07:00,0,4
style.css,8,css,d3437527,terantaon,2025-10-03,18:07:25,-07:00,2025-10-03T18:07:25-07:00,1,43
style.css,9,css,d3437527,terantaon,2025-10-03,18:07:25,-07:00,2025-10-03T18:07:25-07:00,0,42
style.css,10,css,d3437527,terantaon,2025-10-03,18:07:25,-07:00,2025-10-03T18:07:25-07:00,0,0
style.css,11,css,d3437527,terantaon,2025-10-03,18:07:25,-07:00,2025-10-03T18:07:25-07:00,1,23
style.css,12,css,593ace94,terantaon,2025-10-10,22:54:19,-07:00,2025-10-10T22:54:19-07:00,1,15
style.css,13,css,593ace94,terantaon,2025-10-10,22:54:19,-07:00,2025-10-10T22:54:19-07:00,1,18
style.css,14,css,593ace94,terantaon,2025-10-10,22:54:19,-07:00,2025-10-10T22:54:19-07:00,1,13
style.css,15,css,593ace94,terantaon,2025-10-10,22:54:19,-07:00,2025-10-10T22:54:19-07:00,1,32
style.css,16,css,593ace94,terantaon,2025-10-10,22:54:19,-07:00,2025-10-10T22:54:19-07:00,1,3
style.css,17,css,c9f761cf,terantaon,2025-10-17,21:43:49,-07:00,2025-10-17T21:43:49-07:00,2,39
style.css,18,css,593ace94,terantaon,2025-10-10,22:54:19,-07:00,2025-10-10T22:54:19-07:00,2,12
style.css,19,css,593ace94,terantaon,2025-10-10,22:54:19,-07:00,2025-10-10T22:54:19-07:00,2,17
style.css,20,css,593ace94,terantaon,2025-10-10,22:54:19,-07:00,2025-10-10T22:54:19-07:00,2,23
style.css,21,css,593ace94,terantaon,2025-10-10,22:54:19,-07:00,2025-10-10T22:54:19-07:00,2,25
style.css,22,css,c9f761cf,terantaon,2025-10-17,21:43:49,-07:00,2025-10-17T21:43:49-07:00,2,39
style.css,23,css,593ace94,terantaon,2025-10-10,22:54:19,-07:00,2025-10-10T22:54:19-07:00,2,1
style.css,24,css,593ace94,terantaon,2025-10-10,22:54:19,-07:00,2025-10-10T22:54:19-07:00,3,6
style.css,25,css,593ace94,terantaon,2025-10-10,22:54:19,-07:00,2025-10-10T22:54:19-07:00,3,20
style.css,26,css,593ace94,terantaon,2025-10-10,22:54:19,-07:00,2025-10-10T22:54:19-07:00,3,13
style.css,27,css,593ace94,terantaon,2025-10-10,22:54:19,-07:00,2025-10-10T22:54:19-07:00,3,17
style.css,28,css,593ace94,terantaon,2025-10-10,22:54:19,-07:00,2025-10-10T22:54:19-07:00,3,13
style.css,29,css,593ace94,terantaon,2025-10-10,22:54:19,-07:00,2025-10-10T22:54:19-07:00,2,0
style.css,30,css,593ace94,terantaon,2025-10-10,22:54:19,-07:00,2025-10-10T22:54:19-07:00,2,9
style.css,31,css,593ace94,terantaon,2025-10-10,22:54:19,-07:00,2025-10-10T22:54:19-07:00,3,25
style.css,32,css,593ace94,terantaon,2025-10-10,22:54:19,-07:00,2025-10-10T22:54:19-07:00,3,25
style.css,33,css,c9f761cf,terantaon,2025-10-17,21:43:49,-07:00,2025-10-17T21:43:49-07:00,3,39
style.css,34,css,593ace94,terantaon,2025-10-10,22:54:19,-07:00,2025-10-10T22:54:19-07:00,3,20
style.css,35,css,593ace94,terantaon,2025-10-10,22:54:19,-07:00,2025-10-10T22:54:19-07:00,2,0
style.css,36,css,593ace94,terantaon,2025-10-10,22:54:19,-07:00,2025-10-10T22:54:19-07:00,2,7
style.css,37,css,593ace94,terantaon,2025-10-10,22:54:19,-07:00,2025-10-10T22:54:19-07:00,4,25
style.css,38,css,593ace94,terantaon,2025-10-10,22:54:19,-07:00,2025-10-10T22:54:19-07:00,4,25
style.css,39,css,593ace94,terantaon,2025-10-10,22:54:19,-07:00,2025-10-10T22:54:19-07:00,4,39
style.css,40,css,593ace94,terantaon,2025-10-10,22:54:19,-07:00,2025-10-10T22:54:19-07:00,4,20
style.css,41,css,593ace94,terantaon,2025-10-10,22:54:19,-07:00,2025-10-10T22:54:19-07:00,3,0
style.css,42,css,593ace94,terantaon,2025-10-10,22:54:19,-07:00,2025-10-10T22:54:19-07:00,1,0
style.css,43,css,c9f761cf,terantaon,2025-10-17,21:43:49,-07:00,2025-10-17T21:43:49-07:00,1,18
style.css,44,css,c9f761cf,terantaon,2025-10-17,21:43:49,-07:00,2025-10-17T21:43:49-07:00,2,17
style.css,45,css,c9f761cf,terantaon,2025-10-17,21:43:49,-07:00,2025-10-17T21:43:49-07:00,2,8
style.css,46,css,c9f761cf,terantaon,2025-10-17,21:43:49,-07:00,2025-10-17T21:43:49-07:00,2,10
style.css,47,css,c9f761cf,terantaon,2025-10-17,21:43:49,-07:00,2025-10-17T21:43:49-07:00,2,12
style.css,48,css,c9f761cf,terantaon,2025-10-17,21:43:49,-07:00,2025-10-17T21:43:49-07:00,2,13
style.css,49,css,c9f761cf,terantaon,2025-10-17,21:43:49,-07:00,2025-10-17T21:43:49-07:00,1,0
style.css,50,css,593ace94,terantaon,2025-10-10,22:54:19,-07:00,2025-10-10T22:54:19-07:00,1,4
style.css,51,css,593ace94,terantaon,2025-10-10,22:54:19,-07:00,2025-10-10T22:54:19-07:00,2,12
style.css,52,css,593ace94,terantaon,2025-10-10,22:54:19,-07:00,2025-10-10T22:54:19-07:00,2,30
style.css,53,css,593ace94,terantaon,2025-10-10,22:54:19,-07:00,2025-10-10T22:54:19-07:00,2,7
style.css,54,css,593ace94,terantaon,2025-10-10,22:54:19,-07:00,2025-10-10T22:54:19-07:00,1,0
style.css,55,css,593ace94,terantaon,2025-10-10,22:54:19,-07:00,2025-10-10T22:54:19-07:00,1,5
style.css,56,css,593ace94,terantaon,2025-10-10,22:54:19,-07:00,2025-10-10T22:54:19-07:00,2,12
style.css,57,css,593ace94,terantaon,2025-10-10,22:54:19,-07:00,2025-10-10T22:54:19-07:00,2,29
style.css,58,css,593ace94,terantaon,2025-10-10,22:54:19,-07:00,2025-10-10T22:54:19-07:00,2,18
style.css,59,css,593ace94,terantaon,2025-10-10,22:54:19,-07:00,2025-10-10T22:54:19-07:00,1,0
style.css,60,css,593ace94,terantaon,2025-10-10,22:54:19,-07:00,2025-10-10T22:54:19-07:00,1,5
style.css,61,css,593ace94,terantaon,2025-10-10,22:54:19,-07:00,2025-10-10T22:54:19-07:00,2,12
style.css,62,css,593ace94,terantaon,2025-10-10,22:54:19,-07:00,2025-10-10T22:54:19-07:00,1,0
style.css,63,css,593ace94,terantaon,2025-10-10,22:54:19,-07:00,2025-10-10T22:54:19-07:00,1,8
style.css,64,css,593ace94,terantaon,2025-10-10,22:54:19,-07:00,2025-10-10T22:54:19-07:00,2,12
style.css,65,css,593ace94,terantaon,2025-10-10,22:54:19,-07:00,2025-10-10T22:54:19-07:00,1,0
style.css,66,css,593ace94,terantaon,2025-10-10,22:54:19,-07:00,2025-10-10T22:54:19-07:00,1,6
style.css,67,css,593ace94,terantaon,2025-10-10,22:54:19,-07:00,2025-10-10T22:54:19-07:00,2,12
style.css,68,css,593ace94,terantaon,2025-10-10,22:54:19,-07:00,2025-10-10T22:54:19-07:00,2,18
style.css,69,css,593ace94,terantaon,2025-10-10,22:54:19,-07:00,2025-10-10T22:54:19-07:00,1,0
style.css,70,css,593ace94,terantaon,2025-10-10,22:54:19,-07:00,2025-10-10T22:54:19-07:00,1,9
style.css,71,css,593ace94,terantaon,2025-10-10,22:54:19,-07:00,2025-10-10T22:54:19-07:00,2,12
style.css,72,css,593ace94,terantaon,2025-10-10,22:54:19,-07:00,2025-10-10T22:54:19-07:00,2,58
style.css,73,css,593ace94,terantaon,2025-10-10,22:54:19,-07:00,2025-10-10T22:54:19-07:00,2,7
style.css,74,css,593ace94,terantaon,2025-10-10,22:54:19,-07:00,2025-10-10T22:54:19-07:00,3,26
style.css,75,css,593ace94,terantaon,2025-10-10,22:54:19,-07:00,2025-10-10T22:54:19-07:00,3,15
style.css,76,css,593ace94,terantaon,2025-10-10,22:54:19,-07:00,2025-10-10T22:54:19-07:00,3,7
style.css,77,css,593ace94,terantaon,2025-10-10,22:54:19,-07:00,2025-10-10T22:54:19-07:00,3,2
style.css,78,css,593ace94,terantaon,2025-10-10,22:54:19,-07:00,2025-10-10T22:54:19-07:00,4,8
style.css,79,css,593ace94,terantaon,2025-10-10,22:54:19,-07:00,2025-10-10T22:54:19-07:00,3,0
style.css,80,css,593ace94,terantaon,2025-10-10,22:54:19,-07:00,2025-10-10T22:54:19-07:00,2,0
style.css,81,css,593ace94,terantaon,2025-10-10,22:54:19,-07:00,2025-10-10T22:54:19-07:00,1,0
style.css,82,css,593ace94,terantaon,2025-10-10,22:54:19,-07:00,2025-10-10T22:54:19-07:00,1,3
style.css,83,css,593ace94,terantaon,2025-10-10,22:54:19,-07:00,2025-10-10T22:54:19-07:00,2,15
style.css,84,css,593ace94,terantaon,2025-10-10,22:54:19,-07:00,2025-10-10T22:54:19-07:00,2,11
style.css,85,css,593ace94,terantaon,2025-10-10,22:54:19,-07:00,2025-10-10T22:54:19-07:00,1,0
style.css,86,css,593ace94,terantaon,2025-10-10,22:54:19,-07:00,2025-10-10T22:54:19-07:00,1,2
style.css,87,css,593ace94,terantaon,2025-10-10,22:54:19,-07:00,2025-10-10T22:54:19-07:00,2,13
style.css,88,css,593ace94,terantaon,2025-10-10,22:54:19,-07:00,2025-10-10T22:54:19-07:00,2,15
style.css,89,css,593ace94,terantaon,2025-10-10,22:54:19,-07:00,2025-10-10T22:54:19-07:00,2,17
style.css,90,css,593ace94,terantaon,2025-10-10,22:54:19,-07:00,2025-10-10T22:54:19-07:00,1,0
style.css,91,css,593ace94,terantaon,2025-10-10,22:54:19,-07:00,2025-10-10T22:54:19-07:00,1,2
style.css,92,css,593ace94,terantaon,2025-10-10,22:54:19,-07:00,2025-10-10T22:54:19-07:00,2,15
style.css,93,css,593ace94,terantaon,2025-10-10,22:54:19,-07:00,2025-10-10T22:54:19-07:00,2,15
style.css,94,css,593ace94,terantaon,2025-10-10,22:54:19,-07:00,2025-10-10T22:54:19-07:00,2,17
style.css,95,css,593ace94,terantaon,2025-10-10,22:54:19,-07:00,2025-10-10T22:54:19-07:00,1,0
style.css,96,css,593ace94,terantaon,2025-10-10,22:54:19,-07:00,2025-10-10T22:54:19-07:00,1,2
style.css,97,css,593ace94,terantaon,2025-10-10,22:54:19,-07:00,2025-10-10T22:54:19-07:00,2,15
style.css,98,css,593ace94,terantaon,2025-10-10,22:54:19,-07:00,2025-10-10T22:54:19-07:00,2,23
style.css,99,css,593ace94,terantaon,2025-10-10,22:54:19,-07:00,2025-10-10T22:54:19-07:00,2,15
style.css,100,css,593ace94,terantaon,2025-10-10,22:54:19,-07:00,2025-10-10T22:54:19-07:00,2,17
style.css,101,css,593ace94,terantaon,2025-10-10,22:54:19,-07:00,2025-10-10T22:54:19-07:00,1,0
style.css,102,css,9710fe5e,terantaon,2025-10-10,23:28:40,-07:00,2025-10-10T23:28:40-07:00,1,7
style.css,103,css,9710fe5e,terantaon,2025-10-10,23:28:40,-07:00,2025-10-10T23:28:40-07:00,2,15
style.css,104,css,9710fe5e,terantaon,2025-10-10,23:28:40,-07:00,2025-10-10T23:28:40-07:00,2,10
style.css,105,css,9710fe5e,terantaon,2025-10-10,23:28:40,-07:00,2025-10-10T23:28:40-07:00,2,18
style.css,106,css,9710fe5e,terantaon,2025-10-10,23:28:40,-07:00,2025-10-10T23:28:40-07:00,1,0
style.css,107,css,9710fe5e,terantaon,2025-10-10,23:28:40,-07:00,2025-10-10T23:28:40-07:00,1,2
style.css,108,css,9710fe5e,terantaon,2025-10-10,23:28:40,-07:00,2025-10-10T23:28:40-07:00,2,11
style.css,109,css,9710fe5e,terantaon,2025-10-10,23:28:40,-07:00,2025-10-10T23:28:40-07:00,2,40
style.css,110,css,9710fe5e,terantaon,2025-10-10,23:28:40,-07:00,2025-10-10T23:28:40-07:00,2,13
style.css,111,css,9710fe5e,terantaon,2025-10-10,23:28:40,-07:00,2025-10-10T23:28:40-07:00,1,0
style.css,112,css,593ace94,terantaon,2025-10-10,22:54:19,-07:00,2025-10-10T22:54:19-07:00,1,2
style.css,113,css,593ace94,terantaon,2025-10-10,22:54:19,-07:00,2025-10-10T22:54:19-07:00,1,26
style.css,114,css,593ace94,terantaon,2025-10-10,22:54:19,-07:00,2025-10-10T22:54:19-07:00,1,0
style.css,115,css,593ace94,terantaon,2025-10-10,22:54:19,-07:00,2025-10-10T22:54:19-07:00,1,2
style.css,116,css,593ace94,terantaon,2025-10-10,22:54:19,-07:00,2025-10-10T22:54:19-07:00,2,19
style.css,117,css,593ace94,terantaon,2025-10-10,22:54:19,-07:00,2025-10-10T22:54:19-07:00,1,0
style.css,118,css,593ace94,terantaon,2025-10-10,22:54:19,-07:00,2025-10-10T22:54:19-07:00,1,4
style.css,119,css,593ace94,terantaon,2025-10-10,22:54:19,-07:00,2025-10-10T22:54:19-07:00,2,24
style.css,120,css,593ace94,terantaon,2025-10-10,22:54:19,-07:00,2025-10-10T22:54:19-07:00,2,16
style.css,121,css,593ace94,terantaon,2025-10-10,22:54:19,-07:00,2025-10-10T22:54:19-07:00,1,0
style.css,122,css,675dc85c,terantaon,2025-10-31,23:40:08,-07:00,2025-10-31T23:40:08-07:00,1,14
style.css,123,css,ef386f0a,terantaon,2025-10-31,22:21:45,-07:00,2025-10-31T22:21:45-07:00,1,14
style.css,124,css,ef386f0a,terantaon,2025-10-31,22:21:45,-07:00,2025-10-31T22:21:45-07:00,1,16
style.css,125,css,ef386f0a,terantaon,2025-10-31,22:21:45,-07:00,2025-10-31T22:21:45-07:00,0,0
style.css,126,css,ef386f0a,terantaon,2025-10-31,22:21:45,-07:00,2025-10-31T22:21:45-07:00,1,16
style.css,127,css,ef386f0a,terantaon,2025-10-31,22:21:45,-07:00,2025-10-31T22:21:45-07:00,1,0
style.css,128,css,e3490785,terantaon,2025-10-31,23:51:59,-07:00,2025-10-31T23:51:59-07:00,1,10
style.css,129,css,e3490785,terantaon,2025-10-31,23:51:59,-07:00,2025-10-31T23:51:59-07:00,2,12
style.css,130,css,e3490785,terantaon,2025-10-31,23:51:59,-07:00,2025-10-31T23:51:59-07:00,1,0
style.css,131,css,fb259aba,terantaon,2025-10-31,22:56:33,-07:00,2025-10-31T22:56:33-07:00,1,7
style.css,132,css,34f137ab,terantaon,2025-10-31,23:00:31,-07:00,2025-10-31T23:00:31-07:00,2,6
style.css,133,css,fb259aba,terantaon,2025-10-31,22:56:33,-07:00,2025-10-31T22:56:33-07:00,2,12
style.css,134,css,fb259aba,terantaon,2025-10-31,22:56:33,-07:00,2025-10-31T22:56:33-07:00,2,57
style.css,135,css,fb259aba,terantaon,2025-10-31,22:56:33,-07:00,2025-10-31T22:56:33-07:00,2,7
style.css,136,css,264838cc,terantaon,2025-11-01,00:03:38,-07:00,2025-11-01T00:03:38-07:00,2,35
style.css,137,css,264838cc,terantaon,2025-11-01,00:03:38,-07:00,2025-11-01T00:03:38-07:00,2,19
style.css,138,css,fb259aba,terantaon,2025-10-31,22:56:33,-07:00,2025-10-31T22:56:33-07:00,1,0
style.css,139,css,e3490785,terantaon,2025-10-31,23:51:59,-07:00,2025-10-31T23:51:59-07:00,1,5
style.css,140,css,34f137ab,terantaon,2025-10-31,23:00:31,-07:00,2025-10-31T23:00:31-07:00,2,12
style.css,141,css,e3490785,terantaon,2025-10-31,23:51:59,-07:00,2025-10-31T23:51:59-07:00,2,18
style.css,142,css,e3490785,terantaon,2025-10-31,23:51:59,-07:00,2025-10-31T23:51:59-07:00,2,9
style.css,143,css,34f137ab,terantaon,2025-10-31,23:00:31,-07:00,2025-10-31T23:00:31-07:00,1,0
style.css,144,css,ab041d86,terantaon,2025-10-31,23:57:43,-07:00,2025-10-31T23:57:43-07:00,1,7
style.css,145,css,ab041d86,terantaon,2025-10-31,23:57:43,-07:00,2025-10-31T23:57:43-07:00,2,20
style.css,146,css,ab041d86,terantaon,2025-10-31,23:57:43,-07:00,2025-10-31T23:57:43-07:00,2,9
style.css,147,css,ab041d86,terantaon,2025-10-31,23:57:43,-07:00,2025-10-31T23:57:43-07:00,2,10
style.css,148,css,ab041d86,terantaon,2025-10-31,23:57:43,-07:00,2025-10-31T23:57:43-07:00,2,29
style.css,149,css,ab041d86,terantaon,2025-10-31,23:57:43,-07:00,2025-10-31T23:57:43-07:00,2,17
style.css,150,css,ab041d86,terantaon,2025-10-31,23:57:43,-07:00,2025-10-31T23:57:43-07:00,1,0
style.css,151,css,000f7fec,terantaon,2025-11-01,11:52:44,-07:00,2025-11-01T11:52:44-07:00,1,17
style.css,152,css,000f7fec,terantaon,2025-11-01,11:52:44,-07:00,2025-11-01T11:52:44-07:00,2,16
style.css,153,css,000f7fec,terantaon,2025-11-01,11:52:44,-07:00,2025-11-01T11:52:44-07:00,3,11
style.css,154,css,000f7fec,terantaon,2025-11-01,11:52:44,-07:00,2025-11-01T11:52:44-07:00,2,0
style.css,155,css,000f7fec,terantaon,2025-11-01,11:52:44,-07:00,2025-11-01T11:52:44-07:00,1,0
style.css,156,css,000f7fec,terantaon,2025-11-01,11:52:44,-07:00,2025-11-01T11:52:44-07:00,1,4
style.css,157,css,000f7fec,terantaon,2025-11-01,11:52:44,-07:00,2025-11-01T11:52:44-07:00,2,16
style.css,158,css,000f7fec,terantaon,2025-11-01,11:52:44,-07:00,2025-11-01T11:52:44-07:00,2,14
style.css,159,css,000f7fec,terantaon,2025-11-01,11:52:44,-07:00,2025-11-01T11:52:44-07:00,1,0
style.css,160,css,000f7fec,terantaon,2025-11-01,11:52:44,-07:00,2025-11-01T11:52:44-07:00,1,9
style.css,161,css,000f7fec,terantaon,2025-11-01,11:52:44,-07:00,2025-11-01T11:52:44-07:00,2,35
style.css,162,css,000f7fec,terantaon,2025-11-01,11:52:44,-07:00,2025-11-01T11:52:44-07:00,0,0
style.css,163,css,000f7fec,terantaon,2025-11-01,11:52:44,-07:00,2025-11-01T11:52:44-07:00,2,10
style.css,164,css,000f7fec,terantaon,2025-11-01,11:52:44,-07:00,2025-11-01T11:52:44-07:00,3,17
style.css,165,css,000f7fec,terantaon,2025-11-01,11:52:44,-07:00,2025-11-01T11:52:44-07:00,2,0
style.css,166,css,000f7fec,terantaon,2025-11-01,11:52:44,-07:00,2025-11-01T11:52:44-07:00,1,0
style.css,167,css,a56125e2,terantaon,2025-11-01,22:42:33,-07:00,2025-11-01T22:42:33-07:00,1,13
style.css,168,css,a56125e2,terantaon,2025-11-01,22:42:33,-07:00,2025-11-01T22:42:33-07:00,2,35
style.css,169,css,a56125e2,terantaon,2025-11-01,22:42:33,-07:00,2025-11-01T22:42:33-07:00,2,0
style.css,170,css,a56125e2,terantaon,2025-11-01,22:42:33,-07:00,2025-11-01T22:42:33-07:00,2,12
style.css,171,css,a56125e2,terantaon,2025-11-01,22:42:33,-07:00,2025-11-01T22:42:33-07:00,2,18
style.css,172,css,a56125e2,terantaon,2025-11-01,22:42:33,-07:00,2025-11-01T22:42:33-07:00,2,9
style.css,173,css,a56125e2,terantaon,2025-11-01,22:42:33,-07:00,2025-11-01T22:42:33-07:00,1,0
style.css,174,css,7a829d24,terantaon,2025-11-07,23:59:15,-08:00,2025-11-07T23:59:15-08:00,1,6
style.css,175,css,62f43076,terantaon,2025-11-08,00:38:34,-08:00,2025-11-08T00:38:34-08:00,2,12
style.css,176,css,62f43076,terantaon,2025-11-08,00:38:34,-08:00,2025-11-08T00:38:34-08:00,2,21
style.css,177,css,62f43076,terantaon,2025-11-08,00:38:34,-08:00,2025-11-08T00:38:34-08:00,2,28
style.css,178,css,4ab22422,terantaon,2025-11-08,01:01:59,-08:00,2025-11-08T01:01:59-08:00,2,36
style.css,179,css,4ab22422,terantaon,2025-11-08,01:01:59,-08:00,2025-11-08T01:01:59-08:00,2,11
style.css,180,css,62f43076,terantaon,2025-11-08,00:38:34,-08:00,2025-11-08T00:38:34-08:00,1,0
style.css,181,css,62f43076,terantaon,2025-11-08,00:38:34,-08:00,2025-11-08T00:38:34-08:00,1,9
style.css,182,css,4ab22422,terantaon,2025-11-08,01:01:59,-08:00,2025-11-08T01:01:59-08:00,2,16
style.css,183,css,62f43076,terantaon,2025-11-08,00:38:34,-08:00,2025-11-08T00:38:34-08:00,2,24
style.css,184,css,62f43076,terantaon,2025-11-08,00:38:34,-08:00,2025-11-08T00:38:34-08:00,2,11
style.css,185,css,62f43076,terantaon,2025-11-08,00:38:34,-08:00,2025-11-08T00:38:34-08:00,1,0
style.css,186,css,62f43076,terantaon,2025-11-08,00:38:34,-08:00,2025-11-08T00:38:34-08:00,1,9
style.css,187,css,62f43076,terantaon,2025-11-08,00:38:34,-08:00,2025-11-08T00:38:34-08:00,2,8
style.css,188,css,4ab22422,terantaon,2025-11-08,01:01:59,-08:00,2025-11-08T01:01:59-08:00,2,16
style.css,189,css,62f43076,terantaon,2025-11-08,00:38:34,-08:00,2025-11-08T00:38:34-08:00,2,15
style.css,190,css,62f43076,terantaon,2025-11-08,00:38:34,-08:00,2025-11-08T00:38:34-08:00,1,0
style.css,191,css,a60fa14a,terantaon,2025-11-07,23:48:31,-08:00,2025-11-07T23:48:31-08:00,1,15
style.css,192,css,a60fa14a,terantaon,2025-11-07,23:48:31,-08:00,2025-11-07T23:48:31-08:00,2,12
style.css,193,css,a60fa14a,terantaon,2025-11-07,23:48:31,-08:00,2025-11-07T23:48:31-08:00,1,0
style.css,194,css,4ab22422,terantaon,2025-11-08,01:01:59,-08:00,2025-11-08T01:01:59-08:00,1,7
style.css,195,css,a60fa14a,terantaon,2025-11-07,23:48:31,-08:00,2025-11-07T23:48:31-08:00,2,12
style.css,196,css,a60fa14a,terantaon,2025-11-07,23:48:31,-08:00,2025-11-07T23:48:31-08:00,2,30
style.css,197,css,a60fa14a,terantaon,2025-11-07,23:48:31,-08:00,2025-11-07T23:48:31-08:00,2,19
style.css,198,css,a60fa14a,terantaon,2025-11-07,23:48:31,-08:00,2025-11-07T23:48:31-08:00,2,13
style.css,199,css,4ab22422,terantaon,2025-11-08,01:01:59,-08:00,2025-11-08T01:01:59-08:00,2,25
style.css,200,css,4ab22422,terantaon,2025-11-08,01:01:59,-08:00,2025-11-08T01:01:59-08:00,2,39
style.css,201,css,a60fa14a,terantaon,2025-11-07,23:48:31,-08:00,2025-11-07T23:48:31-08:00,1,0
style.css,202,css,a60fa14a,terantaon,2025-11-07,23:48:31,-08:00,2025-11-07T23:48:31-08:00,1,8
style.css,203,css,a60fa14a,terantaon,2025-11-07,23:48:31,-08:00,2025-11-07T23:48:31-08:00,2,14
style.css,204,css,a60fa14a,terantaon,2025-11-07,23:48:31,-08:00,2025-11-07T23:48:31-08:00,2,7
style.css,205,css,a60fa14a,terantaon,2025-11-07,23:48:31,-08:00,2025-11-07T23:48:31-08:00,2,8
style.css,206,css,a60fa14a,terantaon,2025-11-07,23:48:31,-08:00,2025-11-07T23:48:31-08:00,1,0
style.css,207,css,a60fa14a,terantaon,2025-11-07,23:48:31,-08:00,2025-11-07T23:48:31-08:00,1,6
style.css,208,css,a60fa14a,terantaon,2025-11-07,23:48:31,-08:00,2025-11-07T23:48:31-08:00,2,16
style.css,209,css,a60fa14a,terantaon,2025-11-07,23:48:31,-08:00,2025-11-07T23:48:31-08:00,2,23
style.css,210,css,a60fa14a,terantaon,2025-11-07,23:48:31,-08:00,2025-11-07T23:48:31-08:00,2,22
style.css,211,css,181f9ae1,terantaon,2025-11-21,17:21:37,-08:00,2025-11-21T17:21:37-08:00,2,15
style.css,212,css,181f9ae1,terantaon,2025-11-21,17:21:37,-08:00,2025-11-21T17:21:37-08:00,3,3
style.css,213,css,181f9ae1,terantaon,2025-11-21,17:21:37,-08:00,2025-11-21T17:21:37-08:00,2,0
style.css,214,css,a60fa14a,terantaon,2025-11-07,23:48:31,-08:00,2025-11-07T23:48:31-08:00,1,0
style.css,215,css,a60fa14a,terantaon,2025-11-07,23:48:31,-08:00,2025-11-07T23:48:31-08:00,1,12
style.css,216,css,a60fa14a,terantaon,2025-11-07,23:48:31,-08:00,2025-11-07T23:48:31-08:00,2,20
style.css,217,css,a60fa14a,terantaon,2025-11-07,23:48:31,-08:00,2025-11-07T23:48:31-08:00,1,0
style.css,218,css,a60fa14a,terantaon,2025-11-07,23:48:31,-08:00,2025-11-07T23:48:31-08:00,1,42
style.css,219,css,a60fa14a,terantaon,2025-11-07,23:48:31,-08:00,2025-11-07T23:48:31-08:00,2,9
style.css,220,css,a60fa14a,terantaon,2025-11-07,23:48:31,-08:00,2025-11-07T23:48:31-08:00,2,17
style.css,221,css,a60fa14a,terantaon,2025-11-07,23:48:31,-08:00,2025-11-07T23:48:31-08:00,1,0
style.css,222,css,a60fa14a,terantaon,2025-11-07,23:48:31,-08:00,2025-11-07T23:48:31-08:00,1,24
style.css,223,css,a60fa14a,terantaon,2025-11-07,23:48:31,-08:00,2025-11-07T23:48:31-08:00,2,2
style.css,224,css,a60fa14a,terantaon,2025-11-07,23:48:31,-08:00,2025-11-07T23:48:31-08:00,3,32
style.css,225,css,a60fa14a,terantaon,2025-11-07,23:48:31,-08:00,2025-11-07T23:48:31-08:00,2,0
style.css,226,css,a60fa14a,terantaon,2025-11-07,23:48:31,-08:00,2025-11-07T23:48:31-08:00,1,0
style.css,227,css,a60fa14a,terantaon,2025-11-07,23:48:31,-08:00,2025-11-07T23:48:31-08:00,1,10
style.css,228,css,a60fa14a,terantaon,2025-11-07,23:48:31,-08:00,2025-11-07T23:48:31-08:00,2,16
style.css,229,css,a60fa14a,terantaon,2025-11-07,23:48:31,-08:00,2025-11-07T23:48:31-08:00,2,12
style.css,230,css,a60fa14a,terantaon,2025-11-07,23:48:31,-08:00,2025-11-07T23:48:31-08:00,2,18
style.css,231,css,a60fa14a,terantaon,2025-11-07,23:48:31,-08:00,2025-11-07T23:48:31-08:00,2,20
style.css,232,css,a60fa14a,terantaon,2025-11-07,23:48:31,-08:00,2025-11-07T23:48:31-08:00,2,42
style.css,233,css,a60fa14a,terantaon,2025-11-07,23:48:31,-08:00,2025-11-07T23:48:31-08:00,1,0
style.css,234,css,a60fa14a,terantaon,2025-11-07,23:48:31,-08:00,2025-11-07T23:48:31-08:00,1,15
style.css,235,css,a60fa14a,terantaon,2025-11-07,23:48:31,-08:00,2025-11-07T23:48:31-08:00,2,12
style.css,236,css,a60fa14a,terantaon,2025-11-07,23:48:31,-08:00,2025-11-07T23:48:31-08:00,1,0
style.css,237,css,181f9ae1,terantaon,2025-11-21,17:21:37,-08:00,2025-11-21T17:21:37-08:00,1,7
style.css,238,css,181f9ae1,terantaon,2025-11-21,17:21:37,-08:00,2025-11-21T17:21:37-08:00,2,12
style.css,239,css,181f9ae1,terantaon,2025-11-21,17:21:37,-08:00,2025-11-21T17:21:37-08:00,2,20
style.css,240,css,181f9ae1,terantaon,2025-11-21,17:21:37,-08:00,2025-11-21T17:21:37-08:00,2,6
style.css,241,css,181f9ae1,terantaon,2025-11-21,17:21:37,-08:00,2025-11-21T17:21:37-08:00,1,0
style.css,242,css,181f9ae1,terantaon,2025-11-21,17:21:37,-08:00,2025-11-21T17:21:37-08:00,1,12
style.css,243,css,181f9ae1,terantaon,2025-11-21,17:21:37,-08:00,2025-11-21T17:21:37-08:00,2,16
style.css,244,css,181f9ae1,terantaon,2025-11-21,17:21:37,-08:00,2025-11-21T17:21:37-08:00,1,0
style.css,245,css,7e042f1c,terantaon,2025-11-21,22:47:44,-08:00,2025-11-21T22:47:44-08:00,1,6
style.css,246,css,7e042f1c,terantaon,2025-11-21,22:47:44,-08:00,2025-11-21T22:47:44-08:00,2,12
style.css,247,css,7e042f1c,terantaon,2025-11-21,22:47:44,-08:00,2025-11-21T22:47:44-08:00,2,29
style.css,248,css,7e042f1c,terantaon,2025-11-21,22:47:44,-08:00,2025-11-21T22:47:44-08:00,0,0
style.css,249,css,7e042f1c,terantaon,2025-11-21,22:47:44,-08:00,2025-11-21T22:47:44-08:00,2,5
style.css,250,css,7e042f1c,terantaon,2025-11-21,22:47:44,-08:00,2025-11-21T22:47:44-08:00,3,18
style.css,251,css,7e042f1c,terantaon,2025-11-21,22:47:44,-08:00,2025-11-21T22:47:44-08:00,3,12
style.css,252,css,7e042f1c,terantaon,2025-11-21,22:47:44,-08:00,2025-11-21T22:47:44-08:00,3,29
style.css,253,css,7e042f1c,terantaon,2025-11-21,22:47:44,-08:00,2025-11-21T22:47:44-08:00,2,0
style.css,254,css,7e042f1c,terantaon,2025-11-21,22:47:44,-08:00,2025-11-21T22:47:44-08:00,0,0
style.css,255,css,7e042f1c,terantaon,2025-11-21,22:47:44,-08:00,2025-11-21T22:47:44-08:00,2,2
style.css,256,css,7e042f1c,terantaon,2025-11-21,22:47:44,-08:00,2025-11-21T22:47:44-08:00,3,13
style.css,257,css,428c3f9f,terantaon,2025-11-21,23:16:27,-08:00,2025-11-21T23:16:27-08:00,3,5
style.css,258,css,428c3f9f,terantaon,2025-11-21,23:16:27,-08:00,2025-11-21T23:16:27-08:00,4,13
style.css,259,css,428c3f9f,terantaon,2025-11-21,23:16:27,-08:00,2025-11-21T23:16:27-08:00,4,15
style.css,260,css,428c3f9f,terantaon,2025-11-21,23:16:27,-08:00,2025-11-21T23:16:27-08:00,4,11
style.css,261,css,428c3f9f,terantaon,2025-11-21,23:16:27,-08:00,2025-11-21T23:16:27-08:00,3,0
style.css,262,css,7e042f1c,terantaon,2025-11-21,22:47:44,-08:00,2025-11-21T22:47:44-08:00,2,0
style.css,263,css,7e042f1c,terantaon,2025-11-21,22:47:44,-08:00,2025-11-21T22:47:44-08:00,0,0
style.css,264,css,7e042f1c,terantaon,2025-11-21,22:47:44,-08:00,2025-11-21T22:47:44-08:00,2,2
style.css,265,css,7e042f1c,terantaon,2025-11-21,22:47:44,-08:00,2025-11-21T22:47:44-08:00,3,13
style.css,266,css,428c3f9f,terantaon,2025-11-21,23:16:27,-08:00,2025-11-21T23:16:27-08:00,3,12
style.css,267,css,428c3f9f,terantaon,2025-11-21,23:16:27,-08:00,2025-11-21T23:16:27-08:00,3,14
style.css,268,css,428c3f9f,terantaon,2025-11-21,23:16:27,-08:00,2025-11-21T23:16:27-08:00,3,17
style.css,269,css,428c3f9f,terantaon,2025-11-21,23:16:27,-08:00,2025-11-21T23:16:27-08:00,3,19
style.css,270,css,428c3f9f,terantaon,2025-11-21,23:16:27,-08:00,2025-11-21T23:16:27-08:00,3,10
style.css,271,css,428c3f9f,terantaon,2025-11-21,23:16:27,-08:00,2025-11-21T23:16:27-08:00,3,17
style.css,272,css,428c3f9f,terantaon,2025-11-21,23:16:27,-08:00,2025-11-21T23:16:27-08:00,3,13
style.css,273,css,7e042f1c,terantaon,2025-11-21,22:47:44,-08:00,2025-11-21T22:47:44-08:00,2,0
style.css,274,css,7e042f1c,terantaon,2025-11-21,22:47:44,-08:00,2025-11-21T22:47:44-08:00,1,0
style.css,275,css,7e042f1c,terantaon,2025-11-21,22:47:44,-08:00,2025-11-21T22:47:44-08:00,1,4
style.css,276,css,7e042f1c,terantaon,2025-11-21,22:47:44,-08:00,2025-11-21T22:47:44-08:00,2,12
style.css,277,css,7e042f1c,terantaon,2025-11-21,22:47:44,-08:00,2025-11-21T22:47:44-08:00,2,11
style.css,278,css,7e042f1c,terantaon,2025-11-21,22:47:44,-08:00,2025-11-21T22:47:44-08:00,2,14
style.css,279,css,428c3f9f,terantaon,2025-11-21,23:16:27,-08:00,2025-11-21T23:16:27-08:00,2,34
style.css,280,css,7e042f1c,terantaon,2025-11-21,22:47:44,-08:00,2025-11-21T22:47:44-08:00,2,17
style.css,281,css,7e042f1c,terantaon,2025-11-21,22:47:44,-08:00,2025-11-21T22:47:44-08:00,1,0
style.css,282,css,79dc66cc,terantaon,2025-11-21,23:41:34,-08:00,2025-11-21T23:41:34-08:00,1,10
style.css,283,css,79dc66cc,terantaon,2025-11-21,23:41:34,-08:00,2025-11-21T23:41:34-08:00,2,17
style.css,284,css,79dc66cc,terantaon,2025-11-21,23:41:34,-08:00,2025-11-21T23:41:34-08:00,2,12
style.css,285,css,79dc66cc,terantaon,2025-11-21,23:41:34,-08:00,2025-11-21T23:41:34-08:00,2,8
style.css,286,css,79dc66cc,terantaon,2025-11-21,23:41:34,-08:00,2025-11-21T23:41:34-08:00,0,0
style.css,287,css,79dc66cc,terantaon,2025-11-21,23:41:34,-08:00,2025-11-21T23:41:34-08:00,2,3
style.css,288,css,79dc66cc,terantaon,2025-11-21,23:41:34,-08:00,2025-11-21T23:41:34-08:00,3,6
style.css,289,css,79dc66cc,terantaon,2025-11-21,23:41:34,-08:00,2025-11-21T23:41:34-08:00,2,0
style.css,290,css,79dc66cc,terantaon,2025-11-21,23:41:34,-08:00,2025-11-21T23:41:34-08:00,1,0
style.css,291,css,79dc66cc,terantaon,2025-11-21,23:41:34,-08:00,2025-11-21T23:41:34-08:00,0,0
style.css,292,css,79dc66cc,terantaon,2025-11-21,23:41:34,-08:00,2025-11-21T23:41:34-08:00,1,14
style.css,293,css,79dc66cc,terantaon,2025-11-21,23:41:34,-08:00,2025-11-21T23:41:34-08:00,2,17
style.css,294,css,79dc66cc,terantaon,2025-11-21,23:41:34,-08:00,2025-11-21T23:41:34-08:00,1,0
style.css,295,css,79dc66cc,terantaon,2025-11-21,23:41:34,-08:00,2025-11-21T23:41:34-08:00,0,0
style.css,296,css,79dc66cc,terantaon,2025-11-21,23:41:34,-08:00,2025-11-21T23:41:34-08:00,1,13
style.css,297,css,79dc66cc,terantaon,2025-11-21,23:41:34,-08:00,2025-11-21T23:41:34-08:00,2,15
style.css,298,css,79dc66cc,terantaon,2025-11-21,23:41:34,-08:00,2025-11-21T23:41:34-08:00,2,5
style.css,299,css,79dc66cc,terantaon,2025-11-21,23:41:34,-08:00,2025-11-21T23:41:34-08:00,2,6
style.css,300,css,79dc66cc,terantaon,2025-11-21,23:41:34,-08:00,2025-11-21T23:41:34-08:00,2,11
style.css,301,css,79dc66cc,terantaon,2025-11-21,23:41:34,-08:00,2025-11-21T23:41:34-08:00,2,11
style.css,302,css,79dc66cc,terantaon,2025-11-21,23:41:34,-08:00,2025-11-21T23:41:34-08:00,1,0
style.css,303,css,d3437527,terantaon,2025-10-03,18:07:25,-07:00,2025-10-03T18:07:25-07:00,0,0
resume.html,1,html,d3437527,terantaon,2025-10-03,18:07:25,-07:00,2025-10-03T18:07:25-07:00,0,13
resume.html,2,html,d3437527,terantaon,2025-10-03,18:07:25,-07:00,2025-10-03T18:07:25-07:00,0,14
resume.html,3,html,d3437527,terantaon,2025-10-03,18:07:25,-07:00,2025-10-03T18:07:25-07:00,0,4
resume.html,4,html,f9ca9212,terantaon,2025-10-17,16:37:04,-07:00,2025-10-17T16:37:04-07:00,2,45
resume.html,5,html,d3437527,terantaon,2025-10-03,18:07:25,-07:00,2025-10-03T18:07:25-07:00,2,38
resume.html,6,html,d3437527,terantaon,2025-10-03,18:07:25,-07:00,2025-10-03T18:07:25-07:00,2,20
resume.html,7,html,d3437527,terantaon,2025-10-03,18:07:25,-07:00,2025-10-03T18:07:25-07:00,2,68
resume.html,8,html,d3437527,terantaon,2025-10-03,18:07:25,-07:00,2025-10-03T18:07:25-07:00,2,19
resume.html,9,html,d3437527,terantaon,2025-10-03,18:07:25,-07:00,2025-10-03T18:07:25-07:00,0,5
resume.html,10,html,d3437527,terantaon,2025-10-03,18:07:25,-07:00,2025-10-03T18:07:25-07:00,0,4
resume.html,11,html,d3437527,terantaon,2025-10-03,18:07:25,-07:00,2025-10-03T18:07:25-07:00,2,7
resume.html,12,html,d3437527,terantaon,2025-10-03,18:07:25,-07:00,2025-10-03T18:07:25-07:00,4,17
resume.html,13,html,d3437527,terantaon,2025-10-03,18:07:25,-07:00,2025-10-03T18:07:25-07:00,4,1
resume.html,14,html,d3437527,terantaon,2025-10-03,18:07:25,-07:00,2025-10-03T18:07:25-07:00,6,32
resume.html,15,html,d3437527,terantaon,2025-10-03,18:07:25,-07:00,2025-10-03T18:07:25-07:00,4,2
resume.html,16,html,d3437527,terantaon,2025-10-03,18:07:25,-07:00,2025-10-03T18:07:25-07:00,2,8
resume.html,17,html,d3437527,terantaon,2025-10-03,18:07:25,-07:00,2025-10-03T18:07:25-07:00,2,2
resume.html,18,html,d3437527,terantaon,2025-10-03,18:07:25,-07:00,2025-10-03T18:07:25-07:00,2,7
resume.html,19,html,39168e66,terantaon,2025-10-03,22:25:27,-07:00,2025-10-03T22:25:27-07:00,4,14
resume.html,20,html,39168e66,terantaon,2025-10-03,22:25:27,-07:00,2025-10-03T22:25:27-07:00,4,1
resume.html,21,html,39168e66,terantaon,2025-10-03,22:25:27,-07:00,2025-10-03T22:25:27-07:00,6,119
resume.html,22,html,39168e66,terantaon,2025-10-03,22:25:27,-07:00,2025-10-03T22:25:27-07:00,6,126
resume.html,23,html,39168e66,terantaon,2025-10-03,22:25:27,-07:00,2025-10-03T22:25:27-07:00,6,118
resume.html,24,html,39168e66,terantaon,2025-10-03,22:25:27,-07:00,2025-10-03T22:25:27-07:00,6,45
resume.html,25,html,39168e66,terantaon,2025-10-03,22:25:27,-07:00,2025-10-03T22:25:27-07:00,4,2
resume.html,26,html,39168e66,terantaon,2025-10-03,22:25:27,-07:00,2025-10-03T22:25:27-07:00,2,8
resume.html,27,html,39168e66,terantaon,2025-10-03,22:25:27,-07:00,2025-10-03T22:25:27-07:00,2,2
resume.html,28,html,39168e66,terantaon,2025-10-03,22:25:27,-07:00,2025-10-03T22:25:27-07:00,2,7
resume.html,29,html,39168e66,terantaon,2025-10-03,22:25:27,-07:00,2025-10-03T22:25:27-07:00,4,16
resume.html,30,html,39168e66,terantaon,2025-10-03,22:25:27,-07:00,2025-10-03T22:25:27-07:00,4,33
resume.html,31,html,39168e66,terantaon,2025-10-03,22:25:27,-07:00,2025-10-03T22:25:27-07:00,4,70
resume.html,32,html,39168e66,terantaon,2025-10-03,22:25:27,-07:00,2025-10-03T22:25:27-07:00,4,2
resume.html,33,html,39168e66,terantaon,2025-10-03,22:25:27,-07:00,2025-10-03T22:25:27-07:00,6,15
resume.html,34,html,39168e66,terantaon,2025-10-03,22:25:27,-07:00,2025-10-03T22:25:27-07:00,6,28
resume.html,35,html,39168e66,terantaon,2025-10-03,22:25:27,-07:00,2025-10-03T22:25:27-07:00,6,61
resume.html,36,html,39168e66,terantaon,2025-10-03,22:25:27,-07:00,2025-10-03T22:25:27-07:00,4,3
resume.html,37,html,39168e66,terantaon,2025-10-03,22:25:27,-07:00,2025-10-03T22:25:27-07:00,2,8
resume.html,38,html,39168e66,terantaon,2025-10-03,22:25:27,-07:00,2025-10-03T22:25:27-07:00,2,2
resume.html,39,html,39168e66,terantaon,2025-10-03,22:25:27,-07:00,2025-10-03T22:25:27-07:00,2,7
resume.html,40,html,39168e66,terantaon,2025-10-03,22:25:27,-07:00,2025-10-03T22:25:27-07:00,4,7
resume.html,41,html,39168e66,terantaon,2025-10-03,22:25:27,-07:00,2025-10-03T22:25:27-07:00,6,28
resume.html,42,html,39168e66,terantaon,2025-10-03,22:25:27,-07:00,2025-10-03T22:25:27-07:00,6,7
resume.html,43,html,39168e66,terantaon,2025-10-03,22:25:27,-07:00,2025-10-03T22:25:27-07:00,8,33
resume.html,44,html,39168e66,terantaon,2025-10-03,22:25:27,-07:00,2025-10-03T22:25:27-07:00,8,73
resume.html,45,html,39168e66,terantaon,2025-10-03,22:25:27,-07:00,2025-10-03T22:25:27-07:00,8,2
resume.html,46,html,39168e66,terantaon,2025-10-03,22:25:27,-07:00,2025-10-03T22:25:27-07:00,10,116
resume.html,47,html,39168e66,terantaon,2025-10-03,22:25:27,-07:00,2025-10-03T22:25:27-07:00,10,43
resume.html,48,html,39168e66,terantaon,2025-10-03,22:25:27,-07:00,2025-10-03T22:25:27-07:00,10,68
resume.html,49,html,39168e66,terantaon,2025-10-03,22:25:27,-07:00,2025-10-03T22:25:27-07:00,10,61
resume.html,50,html,39168e66,terantaon,2025-10-03,22:25:27,-07:00,2025-10-03T22:25:27-07:00,10,66
resume.html,51,html,39168e66,terantaon,2025-10-03,22:25:27,-07:00,2025-10-03T22:25:27-07:00,10,94
resume.html,52,html,39168e66,terantaon,2025-10-03,22:25:27,-07:00,2025-10-03T22:25:27-07:00,8,3
resume.html,53,html,39168e66,terantaon,2025-10-03,22:25:27,-07:00,2025-10-03T22:25:27-07:00,6,8
resume.html,54,html,39168e66,terantaon,2025-10-03,22:25:27,-07:00,2025-10-03T22:25:27-07:00,6,7
resume.html,55,html,39168e66,terantaon,2025-10-03,22:25:27,-07:00,2025-10-03T22:25:27-07:00,8,24
resume.html,56,html,39168e66,terantaon,2025-10-03,22:25:27,-07:00,2025-10-03T22:25:27-07:00,8,69
resume.html,57,html,39168e66,terantaon,2025-10-03,22:25:27,-07:00,2025-10-03T22:25:27-07:00,8,2
resume.html,58,html,39168e66,terantaon,2025-10-03,22:25:27,-07:00,2025-10-03T22:25:27-07:00,10,114
resume.html,59,html,39168e66,terantaon,2025-10-03,22:25:27,-07:00,2025-10-03T22:25:27-07:00,10,30
resume.html,60,html,39168e66,terantaon,2025-10-03,22:25:27,-07:00,2025-10-03T22:25:27-07:00,10,58
resume.html,61,html,39168e66,terantaon,2025-10-03,22:25:27,-07:00,2025-10-03T22:25:27-07:00,8,3
resume.html,62,html,39168e66,terantaon,2025-10-03,22:25:27,-07:00,2025-10-03T22:25:27-07:00,6,8
resume.html,63,html,39168e66,terantaon,2025-10-03,22:25:27,-07:00,2025-10-03T22:25:27-07:00,4,8
resume.html,64,html,39168e66,terantaon,2025-10-03,22:25:27,-07:00,2025-10-03T22:25:27-07:00,2,8
resume.html,65,html,39168e66,terantaon,2025-10-03,22:25:27,-07:00,2025-10-03T22:25:27-07:00,2,2
resume.html,66,html,39168e66,terantaon,2025-10-03,22:25:27,-07:00,2025-10-03T22:25:27-07:00,2,7
resume.html,67,html,39168e66,terantaon,2025-10-03,22:25:27,-07:00,2025-10-03T22:25:27-07:00,4,7
resume.html,68,html,39168e66,terantaon,2025-10-03,22:25:27,-07:00,2025-10-03T22:25:27-07:00,6,26
resume.html,69,html,39168e66,terantaon,2025-10-03,22:25:27,-07:00,2025-10-03T22:25:27-07:00,6,7
resume.html,70,html,39168e66,terantaon,2025-10-03,22:25:27,-07:00,2025-10-03T22:25:27-07:00,8,44
resume.html,71,html,39168e66,terantaon,2025-10-03,22:25:27,-07:00,2025-10-03T22:25:27-07:00,8,73
resume.html,72,html,39168e66,terantaon,2025-10-03,22:25:27,-07:00,2025-10-03T22:25:27-07:00,8,2
resume.html,73,html,39168e66,terantaon,2025-10-03,22:25:27,-07:00,2025-10-03T22:25:27-07:00,10,81
resume.html,74,html,39168e66,terantaon,2025-10-03,22:25:27,-07:00,2025-10-03T22:25:27-07:00,10,72
resume.html,75,html,39168e66,terantaon,2025-10-03,22:25:27,-07:00,2025-10-03T22:25:27-07:00,10,82
resume.html,76,html,39168e66,terantaon,2025-10-03,22:25:27,-07:00,2025-10-03T22:25:27-07:00,10,58
resume.html,77,html,39168e66,terantaon,2025-10-03,22:25:27,-07:00,2025-10-03T22:25:27-07:00,8,3
resume.html,78,html,39168e66,terantaon,2025-10-03,22:25:27,-07:00,2025-10-03T22:25:27-07:00,6,8
resume.html,79,html,39168e66,terantaon,2025-10-03,22:25:27,-07:00,2025-10-03T22:25:27-07:00,6,7
resume.html,80,html,39168e66,terantaon,2025-10-03,22:25:27,-07:00,2025-10-03T22:25:27-07:00,8,33
resume.html,81,html,39168e66,terantaon,2025-10-03,22:25:27,-07:00,2025-10-03T22:25:27-07:00,8,104
resume.html,82,html,39168e66,terantaon,2025-10-03,22:25:27,-07:00,2025-10-03T22:25:27-07:00,8,2
resume.html,83,html,39168e66,terantaon,2025-10-03,22:25:27,-07:00,2025-10-03T22:25:27-07:00,10,61
resume.html,84,html,39168e66,terantaon,2025-10-03,22:25:27,-07:00,2025-10-03T22:25:27-07:00,10,50
resume.html,85,html,39168e66,terantaon,2025-10-03,22:25:27,-07:00,2025-10-03T22:25:27-07:00,10,58
resume.html,86,html,39168e66,terantaon,2025-10-03,22:25:27,-07:00,2025-10-03T22:25:27-07:00,10,89
resume.html,87,html,39168e66,terantaon,2025-10-03,22:25:27,-07:00,2025-10-03T22:25:27-07:00,8,3
resume.html,88,html,39168e66,terantaon,2025-10-03,22:25:27,-07:00,2025-10-03T22:25:27-07:00,6,8
resume.html,89,html,39168e66,terantaon,2025-10-03,22:25:27,-07:00,2025-10-03T22:25:27-07:00,4,8
resume.html,90,html,39168e66,terantaon,2025-10-03,22:25:27,-07:00,2025-10-03T22:25:27-07:00,2,8
resume.html,91,html,39168e66,terantaon,2025-10-03,22:25:27,-07:00,2025-10-03T22:25:27-07:00,2,2
resume.html,92,html,39168e66,terantaon,2025-10-03,22:25:27,-07:00,2025-10-03T22:25:27-07:00,2,7
resume.html,93,html,39168e66,terantaon,2025-10-03,22:25:27,-07:00,2025-10-03T22:25:27-07:00,4,7
resume.html,94,html,39168e66,terantaon,2025-10-03,22:25:27,-07:00,2025-10-03T22:25:27-07:00,6,25
resume.html,95,html,39168e66,terantaon,2025-10-03,22:25:27,-07:00,2025-10-03T22:25:27-07:00,6,7
resume.html,96,html,39168e66,terantaon,2025-10-03,22:25:27,-07:00,2025-10-03T22:25:27-07:00,8,52
resume.html,97,html,39168e66,terantaon,2025-10-03,22:25:27,-07:00,2025-10-03T22:25:27-07:00,8,61
resume.html,98,html,39168e66,terantaon,2025-10-03,22:25:27,-07:00,2025-10-03T22:25:27-07:00,8,2
resume.html,99,html,39168e66,terantaon,2025-10-03,22:25:27,-07:00,2025-10-03T22:25:27-07:00,10,77
resume.html,100,html,39168e66,terantaon,2025-10-03,22:25:27,-07:00,2025-10-03T22:25:27-07:00,10,50
resume.html,101,html,39168e66,terantaon,2025-10-03,22:25:27,-07:00,2025-10-03T22:25:27-07:00,10,56
resume.html,102,html,39168e66,terantaon,2025-10-03,22:25:27,-07:00,2025-10-03T22:25:27-07:00,10,106
resume.html,103,html,39168e66,terantaon,2025-10-03,22:25:27,-07:00,2025-10-03T22:25:27-07:00,10,96
resume.html,104,html,39168e66,terantaon,2025-10-03,22:25:27,-07:00,2025-10-03T22:25:27-07:00,8,3
resume.html,105,html,39168e66,terantaon,2025-10-03,22:25:27,-07:00,2025-10-03T22:25:27-07:00,6,8
resume.html,106,html,39168e66,terantaon,2025-10-03,22:25:27,-07:00,2025-10-03T22:25:27-07:00,6,7
resume.html,107,html,39168e66,terantaon,2025-10-03,22:25:27,-07:00,2025-10-03T22:25:27-07:00,8,78
resume.html,108,html,39168e66,terantaon,2025-10-03,22:25:27,-07:00,2025-10-03T22:25:27-07:00,8,56
resume.html,109,html,39168e66,terantaon,2025-10-03,22:25:27,-07:00,2025-10-03T22:25:27-07:00,8,2
resume.html,110,html,39168e66,terantaon,2025-10-03,22:25:27,-07:00,2025-10-03T22:25:27-07:00,10,111
resume.html,111,html,39168e66,terantaon,2025-10-03,22:25:27,-07:00,2025-10-03T22:25:27-07:00,12,29
resume.html,112,html,39168e66,terantaon,2025-10-03,22:25:27,-07:00,2025-10-03T22:25:27-07:00,10,115
resume.html,113,html,39168e66,terantaon,2025-10-03,22:25:27,-07:00,2025-10-03T22:25:27-07:00,12,20
resume.html,114,html,39168e66,terantaon,2025-10-03,22:25:27,-07:00,2025-10-03T22:25:27-07:00,10,123
resume.html,115,html,39168e66,terantaon,2025-10-03,22:25:27,-07:00,2025-10-03T22:25:27-07:00,12,11
resume.html,116,html,39168e66,terantaon,2025-10-03,22:25:27,-07:00,2025-10-03T22:25:27-07:00,8,3
resume.html,117,html,39168e66,terantaon,2025-10-03,22:25:27,-07:00,2025-10-03T22:25:27-07:00,6,8
resume.html,118,html,39168e66,terantaon,2025-10-03,22:25:27,-07:00,2025-10-03T22:25:27-07:00,4,8
resume.html,119,html,d3437527,terantaon,2025-10-03,18:07:25,-07:00,2025-10-03T18:07:25-07:00,2,8
resume.html,120,html,d3437527,terantaon,2025-10-03,18:07:25,-07:00,2025-10-03T18:07:25-07:00,0,5
resume.html,121,html,d3437527,terantaon,2025-10-03,18:07:25,-07:00,2025-10-03T18:07:25-07:00,0,5
index.js,1,js,8aaf3662,terantaon,2025-10-25,22:38:53,-07:00,2025-10-25T22:38:53-07:00,0,71
index.js,2,js,2fa60329,terantaon,2025-10-25,22:16:06,-07:00,2025-10-25T22:16:06-07:00,0,0
index.js,3,js,2fa60329,terantaon,2025-10-25,22:16:06,-07:00,2025-10-25T22:16:06-07:00,0,54
index.js,4,js,2fa60329,terantaon,2025-10-25,22:16:06,-07:00,2025-10-25T22:16:06-07:00,0,42
index.js,5,js,2fa60329,terantaon,2025-10-25,22:16:06,-07:00,2025-10-25T22:16:06-07:00,0,0
index.js,6,js,2fa60329,terantaon,2025-10-25,22:16:06,-07:00,2025-10-25T22:16:06-07:00,0,60
index.js,7,js,8aaf3662,terantaon,2025-10-25,22:38:53,-07:00,2025-10-25T22:38:53-07:00,0,54
index.js,8,js,8aaf3662,terantaon,2025-10-25,22:38:53,-07:00,2025-10-25T22:38:53-07:00,0,0
index.js,9,js,8aaf3662,terantaon,2025-10-25,22:38:53,-07:00,2025-10-25T22:38:53-07:00,0,52
index.js,10,js,8aaf3662,terantaon,2025-10-25,22:38:53,-07:00,2025-10-25T22:38:53-07:00,0,60
index.js,11,js,8aaf3662,terantaon,2025-10-25,22:38:53,-07:00,2025-10-25T22:38:53-07:00,0,0
index.js,12,js,8aaf3662,terantaon,2025-10-25,22:38:53,-07:00,2025-10-25T22:38:53-07:00,0,17
index.js,13,js,8aaf3662,terantaon,2025-10-25,22:38:53,-07:00,2025-10-25T22:38:53-07:00,1,24
index.js,14,js,8aaf3662,terantaon,2025-10-25,22:38:53,-07:00,2025-10-25T22:38:53-07:00,4,2
index.js,15,js,8aaf3662,terantaon,2025-10-25,22:38:53,-07:00,2025-10-25T22:38:53-07:00,5,55
index.js,16,js,8aaf3662,terantaon,2025-10-25,22:38:53,-07:00,2025-10-25T22:38:53-07:00,5,55
index.js,17,js,8aaf3662,terantaon,2025-10-25,22:38:53,-07:00,2025-10-25T22:38:53-07:00,5,49
index.js,18,js,8aaf3662,terantaon,2025-10-25,22:38:53,-07:00,2025-10-25T22:38:53-07:00,5,49
index.js,19,js,8aaf3662,terantaon,2025-10-25,22:38:53,-07:00,2025-10-25T22:38:53-07:00,4,3
index.js,20,js,8aaf3662,terantaon,2025-10-25,22:38:53,-07:00,2025-10-25T22:38:53-07:00,2,0
index.js,21,js,8aaf3662,terantaon,2025-10-25,22:38:53,-07:00,2025-10-25T22:38:53-07:00,0,0
index.html,1,html,e9cffd20,terantaon,2025-10-02,11:55:06,-07:00,2025-10-02T11:55:06-07:00,0,13
index.html,2,html,e9cffd20,terantaon,2025-10-02,11:55:06,-07:00,2025-10-02T11:55:06-07:00,0,14
index.html,3,html,e9cffd20,terantaon,2025-10-02,11:55:06,-07:00,2025-10-02T11:55:06-07:00,0,4
index.html,4,html,d3437527,terantaon,2025-10-03,18:07:25,-07:00,2025-10-03T18:07:25-07:00,2,38
index.html,5,html,e9cffd20,terantaon,2025-10-02,11:55:06,-07:00,2025-10-02T11:55:06-07:00,2,20
index.html,6,html,e9cffd20,terantaon,2025-10-02,11:55:06,-07:00,2025-10-02T11:55:06-07:00,2,68
index.html,7,html,e9cffd20,terantaon,2025-10-02,11:55:06,-07:00,2025-10-02T11:55:06-07:00,2,47
index.html,8,html,e9cffd20,terantaon,2025-10-02,11:55:06,-07:00,2025-10-02T11:55:06-07:00,0,5
index.html,9,html,e9cffd20,terantaon,2025-10-02,11:55:06,-07:00,2025-10-02T11:55:06-07:00,0,4
index.html,10,html,e9cffd20,terantaon,2025-10-02,11:55:06,-07:00,2025-10-02T11:55:06-07:00,2,2
index.html,11,html,e9cffd20,terantaon,2025-10-02,11:55:06,-07:00,2025-10-02T11:55:06-07:00,4,8
index.html,12,html,e9cffd20,terantaon,2025-10-02,11:55:06,-07:00,2025-10-02T11:55:06-07:00,2,3
index.html,13,html,e9cffd20,terantaon,2025-10-02,11:55:06,-07:00,2025-10-02T11:55:06-07:00,2,1
index.html,14,html,e9cffd20,terantaon,2025-10-02,11:55:06,-07:00,2025-10-02T11:55:06-07:00,4,50
index.html,15,html,e9cffd20,terantaon,2025-10-02,11:55:06,-07:00,2025-10-02T11:55:06-07:00,2,2
index.html,16,html,593ace94,terantaon,2025-10-10,22:54:19,-07:00,2025-10-10T22:54:19-07:00,2,51
index.html,17,html,2fa60329,terantaon,2025-10-25,22:16:06,-07:00,2025-10-25T22:16:06-07:00,0,0
index.html,18,html,2fa60329,terantaon,2025-10-25,22:16:06,-07:00,2025-10-25T22:16:06-07:00,2,22
index.html,19,html,2fa60329,terantaon,2025-10-25,22:16:06,-07:00,2025-10-25T22:16:06-07:00,2,20
index.html,20,html,2fa60329,terantaon,2025-10-25,22:16:06,-07:00,2025-10-25T22:16:06-07:00,4,49
index.html,21,html,2fa60329,terantaon,2025-10-25,22:16:06,-07:00,2025-10-25T22:16:06-07:00,2,4
index.html,22,html,2fa60329,terantaon,2025-10-25,22:16:06,-07:00,2025-10-25T22:16:06-07:00,0,0
index.html,23,html,8aaf3662,terantaon,2025-10-25,22:38:53,-07:00,2025-10-25T22:38:53-07:00,2,22
index.html,24,html,8aaf3662,terantaon,2025-10-25,22:38:53,-07:00,2025-10-25T22:38:53-07:00,2,28
index.html,25,html,8aaf3662,terantaon,2025-10-25,22:38:53,-07:00,2025-10-25T22:38:53-07:00,0,0
index.html,26,html,2fa60329,terantaon,2025-10-25,22:16:06,-07:00,2025-10-25T22:16:06-07:00,2,45
index.html,27,html,2fa60329,terantaon,2025-10-25,22:16:06,-07:00,2025-10-25T22:16:06-07:00,2,50
index.html,28,html,e9cffd20,terantaon,2025-10-02,11:55:06,-07:00,2025-10-02T11:55:06-07:00,0,5
index.html,29,html,e9cffd20,terantaon,2025-10-02,11:55:06,-07:00,2025-10-02T11:55:06-07:00,0,5
global.js,1,js,f9ca9212,terantaon,2025-10-17,16:37:04,-07:00,2025-10-17T16:37:04-07:00,0,25
global.js,2,js,f9ca9212,terantaon,2025-10-17,16:37:04,-07:00,2025-10-17T16:37:04-07:00,0,0
global.js,3,js,f9ca9212,terantaon,2025-10-17,16:37:04,-07:00,2025-10-17T16:37:04-07:00,0,88
global.js,4,js,f9ca9212,terantaon,2025-10-17,16:37:04,-07:00,2025-10-17T16:37:04-07:00,1,36
global.js,5,js,1eb8ec6f,terantaon,2025-10-17,17:09:00,-07:00,2025-10-17T17:09:00-07:00,1,48
global.js,6,js,f9ca9212,terantaon,2025-10-17,16:37:04,-07:00,2025-10-17T16:37:04-07:00,0,0
global.js,7,js,f9ca9212,terantaon,2025-10-17,16:37:04,-07:00,2025-10-17T16:37:04-07:00,0,41
global.js,8,js,f9ca9212,terantaon,2025-10-17,16:37:04,-07:00,2025-10-17T16:37:04-07:00,1,52
global.js,9,js,f9ca9212,terantaon,2025-10-17,16:37:04,-07:00,2025-10-17T16:37:04-07:00,0,0
global.js,10,js,f9ca9212,terantaon,2025-10-17,16:37:04,-07:00,2025-10-17T16:37:04-07:00,0,0
global.js,11,js,f9ca9212,terantaon,2025-10-17,16:37:04,-07:00,2025-10-17T16:37:04-07:00,0,11
global.js,12,js,f9ca9212,terantaon,2025-10-17,16:37:04,-07:00,2025-10-17T16:37:04-07:00,1,25
global.js,13,js,f9ca9212,terantaon,2025-10-17,16:37:04,-07:00,2025-10-17T16:37:04-07:00,1,38
global.js,14,js,f9ca9212,terantaon,2025-10-17,16:37:04,-07:00,2025-10-17T16:37:04-07:00,1,35
global.js,15,js,a60fa14a,terantaon,2025-11-07,23:48:31,-08:00,2025-11-07T23:48:31-08:00,1,29
global.js,16,js,82b12300,terantaon,2025-10-17,20:42:39,-07:00,2025-10-17T20:42:39-07:00,1,54
global.js,17,js,f9ca9212,terantaon,2025-10-17,16:37:04,-07:00,2025-10-17T16:37:04-07:00,1,36
global.js,18,js,f9ca9212,terantaon,2025-10-17,16:37:04,-07:00,2025-10-17T16:37:04-07:00,0,0
global.js,19,js,f9ca9212,terantaon,2025-10-17,16:37:04,-07:00,2025-10-17T16:37:04-07:00,0,0
global.js,20,js,f9ca9212,terantaon,2025-10-17,16:37:04,-07:00,2025-10-17T16:37:04-07:00,0,38
global.js,21,js,f9ca9212,terantaon,2025-10-17,16:37:04,-07:00,2025-10-17T16:37:04-07:00,0,25
global.js,22,js,f9ca9212,terantaon,2025-10-17,16:37:04,-07:00,2025-10-17T16:37:04-07:00,0,0
global.js,23,js,f9ca9212,terantaon,2025-10-17,16:37:04,-07:00,2025-10-17T16:37:04-07:00,0,20
global.js,24,js,f9ca9212,terantaon,2025-10-17,16:37:04,-07:00,2025-10-17T16:37:04-07:00,1,14
global.js,25,js,f9ca9212,terantaon,2025-10-17,16:37:04,-07:00,2025-10-17T16:37:04-07:00,1,18
global.js,26,js,f9ca9212,terantaon,2025-10-17,16:37:04,-07:00,2025-10-17T16:37:04-07:00,1,52
global.js,27,js,9b3e66fc,terantaon,2025-10-17,20:32:29,-07:00,2025-10-17T20:32:29-07:00,1,34
global.js,28,js,9b3e66fc,terantaon,2025-10-17,20:32:29,-07:00,2025-10-17T20:32:29-07:00,1,11
global.js,29,js,9b3e66fc,terantaon,2025-10-17,20:32:29,-07:00,2025-10-17T20:32:29-07:00,1,20
global.js,30,js,9b3e66fc,terantaon,2025-10-17,20:32:29,-07:00,2025-10-17T20:32:29-07:00,1,65
global.js,31,js,9b3e66fc,terantaon,2025-10-17,20:32:29,-07:00,2025-10-17T20:32:29-07:00,2,25
global.js,32,js,9b3e66fc,terantaon,2025-10-17,20:32:29,-07:00,2025-10-17T20:32:29-07:00,1,0
global.js,33,js,82b12300,terantaon,2025-10-17,20:42:39,-07:00,2025-10-17T20:42:39-07:00,1,29
global.js,34,js,82b12300,terantaon,2025-10-17,20:42:39,-07:00,2025-10-17T20:42:39-07:00,2,18
global.js,35,js,82b12300,terantaon,2025-10-17,20:42:39,-07:00,2025-10-17T20:42:39-07:00,1,0
global.js,36,js,9b3e66fc,terantaon,2025-10-17,20:32:29,-07:00,2025-10-17T20:32:29-07:00,1,12
global.js,37,js,2f8a1d7a,terantaon,2025-10-17,22:00:47,-07:00,2025-10-17T22:00:47-07:00,0,0
global.js,38,js,c9f761cf,terantaon,2025-10-17,21:43:49,-07:00,2025-10-17T21:43:49-07:00,0,0
global.js,39,js,c9f761cf,terantaon,2025-10-17,21:43:49,-07:00,2025-10-17T21:43:49-07:00,0,31
global.js,40,js,c9f761cf,terantaon,2025-10-17,21:43:49,-07:00,2025-10-17T21:43:49-07:00,1,11
global.js,41,js,593cf85c,terantaon,2025-10-17,22:02:36,-07:00,2025-10-17T22:02:36-07:00,1,0
global.js,42,js,c9f761cf,terantaon,2025-10-17,21:43:49,-07:00,2025-10-17T21:43:49-07:00,0,26
global.js,43,js,c9f761cf,terantaon,2025-10-17,21:43:49,-07:00,2025-10-17T21:43:49-07:00,0,4
global.js,44,js,c9f761cf,terantaon,2025-10-17,21:43:49,-07:00,2025-10-17T21:43:49-07:00,0,6
global.js,45,js,c9f761cf,terantaon,2025-10-17,21:43:49,-07:00,2025-10-17T21:43:49-07:00,3,43
global.js,46,js,c9f761cf,terantaon,2025-10-17,21:43:49,-07:00,2025-10-17T21:43:49-07:00,3,34
global.js,47,js,c9f761cf,terantaon,2025-10-17,21:43:49,-07:00,2025-10-17T21:43:49-07:00,3,32
global.js,48,js,c9f761cf,terantaon,2025-10-17,21:43:49,-07:00,2025-10-17T21:43:49-07:00,0,7
global.js,49,js,593cf85c,terantaon,2025-10-17,22:02:36,-07:00,2025-10-17T22:02:36-07:00,0,8
global.js,50,js,c9f761cf,terantaon,2025-10-17,21:43:49,-07:00,2025-10-17T21:43:49-07:00,0,0
global.js,51,js,c9f761cf,terantaon,2025-10-17,21:43:49,-07:00,2025-10-17T21:43:49-07:00,0,0
global.js,52,js,f3a20407,terantaon,2025-10-17,21:59:06,-07:00,2025-10-17T21:59:06-07:00,0,44
global.js,53,js,c9f761cf,terantaon,2025-10-17,21:43:49,-07:00,2025-10-17T21:43:49-07:00,0,0
global.js,54,js,15269038,terantaon,2025-10-17,22:18:55,-07:00,2025-10-17T22:18:55-07:00,0,40
global.js,55,js,15269038,terantaon,2025-10-17,22:18:55,-07:00,2025-10-17T22:18:55-07:00,1,83
global.js,56,js,15269038,terantaon,2025-10-17,22:18:55,-07:00,2025-10-17T22:18:55-07:00,1,38
global.js,57,js,15269038,terantaon,2025-10-17,22:18:55,-07:00,2025-10-17T22:18:55-07:00,0,0
global.js,58,js,15269038,terantaon,2025-10-17,22:18:55,-07:00,2025-10-17T22:18:55-07:00,0,0
global.js,59,js,c9f761cf,terantaon,2025-10-17,21:43:49,-07:00,2025-10-17T21:43:49-07:00,0,49
global.js,60,js,c9f761cf,terantaon,2025-10-17,21:43:49,-07:00,2025-10-17T21:43:49-07:00,1,57
global.js,61,js,f3a20407,terantaon,2025-10-17,21:59:06,-07:00,2025-10-17T21:59:06-07:00,1,77
global.js,62,js,f3a20407,terantaon,2025-10-17,21:59:06,-07:00,2025-10-17T21:59:06-07:00,1,44
global.js,63,js,4fd03967,terantaon,2025-10-25,20:12:49,-07:00,2025-10-25T20:12:49-07:00,0,1
global.js,64,js,4fd03967,terantaon,2025-10-25,20:12:49,-07:00,2025-10-25T20:12:49-07:00,0,0
global.js,65,js,4fd03967,terantaon,2025-10-25,20:12:49,-07:00,2025-10-25T20:12:49-07:00,0,36
global.js,66,js,4fd03967,terantaon,2025-10-25,20:12:49,-07:00,2025-10-25T20:12:49-07:00,1,3
global.js,67,js,4fd03967,terantaon,2025-10-25,20:12:49,-07:00,2025-10-25T20:12:49-07:00,2,39
global.js,68,js,4fd03967,terantaon,2025-10-25,20:12:49,-07:00,2025-10-25T20:12:49-07:00,2,32
global.js,69,js,4fd03967,terantaon,2025-10-25,20:12:49,-07:00,2025-10-25T20:12:49-07:00,2,17
global.js,70,js,4fd03967,terantaon,2025-10-25,20:12:49,-07:00,2025-10-25T20:12:49-07:00,3,66
global.js,71,js,4fd03967,terantaon,2025-10-25,20:12:49,-07:00,2025-10-25T20:12:49-07:00,2,0
global.js,72,js,12ea2f0d,terantaon,2025-10-25,21:04:19,-07:00,2025-10-25T21:04:19-07:00,2,33
global.js,73,js,12ea2f0d,terantaon,2025-10-25,21:04:19,-07:00,2025-10-25T21:04:19-07:00,2,10
global.js,74,js,4fd03967,terantaon,2025-10-25,20:12:49,-07:00,2025-10-25T20:12:49-07:00,1,15
global.js,75,js,4fd03967,terantaon,2025-10-25,20:12:49,-07:00,2025-10-25T20:12:49-07:00,2,59
global.js,76,js,4fd03967,terantaon,2025-10-25,20:12:49,-07:00,2025-10-25T20:12:49-07:00,1,0
global.js,77,js,12ea2f0d,terantaon,2025-10-25,21:04:19,-07:00,2025-10-25T21:04:19-07:00,0,0
global.js,78,js,12ea2f0d,terantaon,2025-10-25,21:04:19,-07:00,2025-10-25T21:04:19-07:00,0,0
global.js,79,js,5d9607e7,terantaon,2025-10-25,22:06:17,-07:00,2025-10-25T22:06:17-07:00,0,79
global.js,80,js,12ea2f0d,terantaon,2025-10-25,21:04:19,-07:00,2025-10-25T21:04:19-07:00,1,30
global.js,81,js,5d9607e7,terantaon,2025-10-25,22:06:17,-07:00,2025-10-25T22:06:17-07:00,1,29
global.js,82,js,48c473d3,terantaon,2025-10-25,21:38:23,-07:00,2025-10-25T21:38:23-07:00,2,48
global.js,83,js,48c473d3,terantaon,2025-10-25,21:38:23,-07:00,2025-10-25T21:38:23-07:00,2,19
global.js,84,js,5d9607e7,terantaon,2025-10-25,22:06:17,-07:00,2025-10-25T22:06:17-07:00,3,49
global.js,85,js,5d9607e7,terantaon,2025-10-25,22:06:17,-07:00,2025-10-25T22:06:17-07:00,3,33
global.js,86,js,5d9607e7,terantaon,2025-10-25,22:06:17,-07:00,2025-10-25T22:06:17-07:00,3,61
global.js,87,js,5d9607e7,terantaon,2025-10-25,22:06:17,-07:00,2025-10-25T22:06:17-07:00,3,47
global.js,88,js,48c473d3,terantaon,2025-10-25,21:38:23,-07:00,2025-10-25T21:38:23-07:00,2,0
global.js,89,js,48c473d3,terantaon,2025-10-25,21:38:23,-07:00,2025-10-25T21:38:23-07:00,2,36
global.js,90,js,5d9607e7,terantaon,2025-10-25,22:06:17,-07:00,2025-10-25T22:06:17-07:00,1,1
global.js,91,js,8aaf3662,terantaon,2025-10-25,22:38:53,-07:00,2025-10-25T22:38:53-07:00,0,0
global.js,92,js,8aaf3662,terantaon,2025-10-25,22:38:53,-07:00,2025-10-25T22:38:53-07:00,0,0
global.js,93,js,8aaf3662,terantaon,2025-10-25,22:38:53,-07:00,2025-10-25T22:38:53-07:00,0,47
global.js,94,js,8aaf3662,terantaon,2025-10-25,22:38:53,-07:00,2025-10-25T22:38:53-07:00,1,59
global.js,95,js,8aaf3662,terantaon,2025-10-25,22:38:53,-07:00,2025-10-25T22:38:53-07:00,0,0
projects\projects.js,1,js,12ea2f0d,terantaon,2025-10-25,21:04:19,-07:00,2025-10-25T21:04:19-07:00,0,55
projects\projects.js,2,js,ef386f0a,terantaon,2025-10-31,22:21:45,-07:00,2025-10-31T22:21:45-07:00,0,63
projects\projects.js,3,js,5d9607e7,terantaon,2025-10-25,22:06:17,-07:00,2025-10-25T22:06:17-07:00,0,0
projects\projects.js,4,js,0caa4603,terantaon,2025-10-25,22:25:09,-07:00,2025-10-25T22:25:09-07:00,0,55
projects\projects.js,5,js,5d9607e7,terantaon,2025-10-25,22:06:17,-07:00,2025-10-25T22:06:17-07:00,0,60
projects\projects.js,6,js,5d9607e7,terantaon,2025-10-25,22:06:17,-07:00,2025-10-25T22:06:17-07:00,0,0
projects\projects.js,7,js,1160f313,terantaon,2025-11-01,23:23:43,-07:00,2025-11-01T23:23:43-07:00,0,48
projects\projects.js,8,js,1160f313,terantaon,2025-11-01,23:23:43,-07:00,2025-11-01T23:23:43-07:00,0,0
projects\projects.js,9,js,0caa4603,terantaon,2025-10-25,22:25:09,-07:00,2025-10-25T22:25:09-07:00,0,54
projects\projects.js,10,js,0caa4603,terantaon,2025-10-25,22:25:09,-07:00,2025-10-25T22:25:09-07:00,0,10
projects\projects.js,11,js,0caa4603,terantaon,2025-10-25,22:25:09,-07:00,2025-10-25T22:25:09-07:00,1,60
projects\projects.js,12,js,ef386f0a,terantaon,2025-10-31,22:21:45,-07:00,2025-10-31T22:21:45-07:00,0,0
projects\projects.js,13,js,ef386f0a,terantaon,2025-10-31,22:21:45,-07:00,2025-10-31T22:21:45-07:00,0,0
projects\projects.js,14,js,ef386f0a,terantaon,2025-10-31,22:21:45,-07:00,2025-10-31T22:21:45-07:00,0,57
projects\projects.js,15,js,ef386f0a,terantaon,2025-10-31,22:21:45,-07:00,2025-10-31T22:21:45-07:00,0,0
projects\projects.js,16,js,ef386f0a,terantaon,2025-10-31,22:21:45,-07:00,2025-10-31T22:21:45-07:00,0,47
projects\projects.js,17,js,ef386f0a,terantaon,2025-10-31,22:21:45,-07:00,2025-10-31T22:21:45-07:00,0,0
projects\projects.js,18,js,000f7fec,terantaon,2025-11-01,11:52:44,-07:00,2025-11-01T11:52:44-07:00,0,21
projects\projects.js,19,js,000f7fec,terantaon,2025-11-01,11:52:44,-07:00,2025-11-01T11:52:44-07:00,0,0
projects\projects.js,20,js,6b83b40b,terantaon,2025-11-01,00:30:39,-07:00,2025-11-01T00:30:39-07:00,0,38
projects\projects.js,21,js,6b83b40b,terantaon,2025-11-01,00:30:39,-07:00,2025-11-01T00:30:39-07:00,1,25
projects\projects.js,22,js,1160f313,terantaon,2025-11-01,23:23:43,-07:00,2025-11-01T23:23:43-07:00,1,29
projects\projects.js,23,js,1160f313,terantaon,2025-11-01,23:23:43,-07:00,2025-11-01T23:23:43-07:00,2,12
projects\projects.js,24,js,1160f313,terantaon,2025-11-01,23:23:43,-07:00,2025-11-01T23:23:43-07:00,2,14
projects\projects.js,25,js,1160f313,terantaon,2025-11-01,23:23:43,-07:00,2025-11-01T23:23:43-07:00,2,12
projects\projects.js,26,js,1160f313,terantaon,2025-11-01,23:23:43,-07:00,2025-11-01T23:23:43-07:00,1,0
projects\projects.js,27,js,1160f313,terantaon,2025-11-01,23:23:43,-07:00,2025-11-01T23:23:43-07:00,1,18
projects\projects.js,28,js,1160f313,terantaon,2025-11-01,23:23:43,-07:00,2025-11-01T23:23:43-07:00,1,50
projects\projects.js,29,js,11ee88e0,terantaon,2025-11-01,23:31:36,-07:00,2025-11-01T23:31:36-07:00,2,35
projects\projects.js,30,js,1160f313,terantaon,2025-11-01,23:23:43,-07:00,2025-11-01T23:23:43-07:00,1,1
projects\projects.js,31,js,6b83b40b,terantaon,2025-11-01,00:30:39,-07:00,2025-11-01T00:30:39-07:00,1,50
projects\projects.js,32,js,6b83b40b,terantaon,2025-11-01,00:30:39,-07:00,2025-11-01T00:30:39-07:00,1,53
projects\projects.js,33,js,6b83b40b,terantaon,2025-11-01,00:30:39,-07:00,2025-11-01T00:30:39-07:00,1,42
projects\projects.js,34,js,6b83b40b,terantaon,2025-11-01,00:30:39,-07:00,2025-11-01T00:30:39-07:00,1,51
projects\projects.js,35,js,6b83b40b,terantaon,2025-11-01,00:30:39,-07:00,2025-11-01T00:30:39-07:00,0,0
projects\projects.js,36,js,000f7fec,terantaon,2025-11-01,11:52:44,-07:00,2025-11-01T11:52:44-07:00,1,25
projects\projects.js,37,js,000f7fec,terantaon,2025-11-01,11:52:44,-07:00,2025-11-01T11:52:44-07:00,1,29
projects\projects.js,38,js,0eed7888,terantaon,2025-11-01,22:00:20,-07:00,2025-11-01T22:00:20-07:00,1,32
projects\projects.js,39,js,160ced99,terantaon,2025-11-01,21:43:16,-07:00,2025-11-01T21:43:16-07:00,1,30
projects\projects.js,40,js,6b83b40b,terantaon,2025-11-01,00:30:39,-07:00,2025-11-01T00:30:39-07:00,0,0
projects\projects.js,41,js,6b83b40b,terantaon,2025-11-01,00:30:39,-07:00,2025-11-01T00:30:39-07:00,1,29
projects\projects.js,42,js,000f7fec,terantaon,2025-11-01,11:52:44,-07:00,2025-11-01T11:52:44-07:00,2,1
projects\projects.js,43,js,ef386f0a,terantaon,2025-10-31,22:21:45,-07:00,2025-10-31T22:21:45-07:00,3,13
projects\projects.js,44,js,ef386f0a,terantaon,2025-10-31,22:21:45,-07:00,2025-10-31T22:21:45-07:00,3,13
projects\projects.js,45,js,ef386f0a,terantaon,2025-10-31,22:21:45,-07:00,2025-10-31T22:21:45-07:00,3,24
projects\projects.js,46,js,000f7fec,terantaon,2025-11-01,11:52:44,-07:00,2025-11-01T11:52:44-07:00,3,18
projects\projects.js,47,js,922551b3,terantaon,2025-11-01,13:14:36,-07:00,2025-11-01T13:14:36-07:00,4,47
projects\projects.js,48,js,000f7fec,terantaon,2025-11-01,11:52:44,-07:00,2025-11-01T11:52:44-07:00,0,0
projects\projects.js,49,js,000f7fec,terantaon,2025-11-01,11:52:44,-07:00,2025-11-01T11:52:44-07:00,4,1
projects\projects.js,50,js,000f7fec,terantaon,2025-11-01,11:52:44,-07:00,2025-11-01T11:52:44-07:00,4,16
projects\projects.js,51,js,000f7fec,terantaon,2025-11-01,11:52:44,-07:00,2025-11-01T11:52:44-07:00,4,26
projects\projects.js,52,js,68809fe8,terantaon,2025-11-01,12:26:14,-07:00,2025-11-01T12:26:14-07:00,5,37
projects\projects.js,53,js,000f7fec,terantaon,2025-11-01,11:52:44,-07:00,2025-11-01T11:52:44-07:00,4,1
projects\projects.js,54,js,000f7fec,terantaon,2025-11-01,11:52:44,-07:00,2025-11-01T11:52:44-07:00,0,0
projects\projects.js,55,js,000f7fec,terantaon,2025-11-01,11:52:44,-07:00,2025-11-01T11:52:44-07:00,4,4
projects\projects.js,56,js,000f7fec,terantaon,2025-11-01,11:52:44,-07:00,2025-11-01T11:52:44-07:00,4,14
projects\projects.js,57,js,000f7fec,terantaon,2025-11-01,11:52:44,-07:00,2025-11-01T11:52:44-07:00,4,26
projects\projects.js,58,js,a56125e2,terantaon,2025-11-01,22:42:33,-07:00,2025-11-01T22:42:33-07:00,5,46
projects\projects.js,59,js,000f7fec,terantaon,2025-11-01,11:52:44,-07:00,2025-11-01T11:52:44-07:00,4,1
projects\projects.js,60,js,000f7fec,terantaon,2025-11-01,11:52:44,-07:00,2025-11-01T11:52:44-07:00,0,0
projects\projects.js,61,js,1160f313,terantaon,2025-11-01,23:23:43,-07:00,2025-11-01T23:23:43-07:00,4,25
projects\projects.js,62,js,1160f313,terantaon,2025-11-01,23:23:43,-07:00,2025-11-01T23:23:43-07:00,5,48
projects\projects.js,63,js,1160f313,terantaon,2025-11-01,23:23:43,-07:00,2025-11-01T23:23:43-07:00,4,6
projects\projects.js,64,js,1160f313,terantaon,2025-11-01,23:23:43,-07:00,2025-11-01T23:23:43-07:00,5,49
projects\projects.js,65,js,1160f313,terantaon,2025-11-01,23:23:43,-07:00,2025-11-01T23:23:43-07:00,6,43
projects\projects.js,66,js,1160f313,terantaon,2025-11-01,23:23:43,-07:00,2025-11-01T23:23:43-07:00,5,0
projects\projects.js,67,js,1160f313,terantaon,2025-11-01,23:23:43,-07:00,2025-11-01T23:23:43-07:00,5,56
projects\projects.js,68,js,1160f313,terantaon,2025-11-01,23:23:43,-07:00,2025-11-01T23:23:43-07:00,4,0
projects\projects.js,69,js,000f7fec,terantaon,2025-11-01,11:52:44,-07:00,2025-11-01T11:52:44-07:00,3,1
projects\projects.js,70,js,6b83b40b,terantaon,2025-11-01,00:30:39,-07:00,2025-11-01T00:30:39-07:00,2,0
projects\projects.js,71,js,6b83b40b,terantaon,2025-11-01,00:30:39,-07:00,2025-11-01T00:30:39-07:00,0,0
projects\projects.js,72,js,6b83b40b,terantaon,2025-11-01,00:30:39,-07:00,2025-11-01T00:30:39-07:00,2,27
projects\projects.js,73,js,000f7fec,terantaon,2025-11-01,11:52:44,-07:00,2025-11-01T11:52:44-07:00,3,4
projects\projects.js,74,js,6b83b40b,terantaon,2025-11-01,00:30:39,-07:00,2025-11-01T00:30:39-07:00,3,11
projects\projects.js,75,js,6b83b40b,terantaon,2025-11-01,00:30:39,-07:00,2025-11-01T00:30:39-07:00,3,38
projects\projects.js,76,js,6b83b40b,terantaon,2025-11-01,00:30:39,-07:00,2025-11-01T00:30:39-07:00,3,20
projects\projects.js,77,js,6b83b40b,terantaon,2025-11-01,00:30:39,-07:00,2025-11-01T00:30:39-07:00,3,69
projects\projects.js,78,js,6b83b40b,terantaon,2025-11-01,00:30:39,-07:00,2025-11-01T00:30:39-07:00,2,1
projects\projects.js,79,js,6b83b40b,terantaon,2025-11-01,00:30:39,-07:00,2025-11-01T00:30:39-07:00,0,0
projects\projects.js,80,js,728f0dfd,terantaon,2025-11-01,00:14:33,-07:00,2025-11-01T00:14:33-07:00,0,0
projects\projects.js,81,js,6b83b40b,terantaon,2025-11-01,00:30:39,-07:00,2025-11-01T00:30:39-07:00,0,32
projects\projects.js,82,js,6b83b40b,terantaon,2025-11-01,00:30:39,-07:00,2025-11-01T00:30:39-07:00,0,23
projects\projects.js,83,js,6ccce211,terantaon,2025-11-01,23:18:50,-07:00,2025-11-01T23:18:50-07:00,0,0
projects\projects.js,84,js,1160f313,terantaon,2025-11-01,23:23:43,-07:00,2025-11-01T23:23:43-07:00,0,13
projects\projects.js,85,js,1160f313,terantaon,2025-11-01,23:23:43,-07:00,2025-11-01T23:23:43-07:00,0,53
projects\projects.js,86,js,728f0dfd,terantaon,2025-11-01,00:14:33,-07:00,2025-11-01T00:14:33-07:00,0,49
projects\projects.js,87,js,39755c05,terantaon,2025-11-01,13:10:06,-07:00,2025-11-01T13:10:06-07:00,1,19
projects\projects.js,88,js,922551b3,terantaon,2025-11-01,13:14:36,-07:00,2025-11-01T13:14:36-07:00,1,25
projects\projects.js,89,js,39755c05,terantaon,2025-11-01,13:10:06,-07:00,2025-11-01T13:10:06-07:00,1,16
projects\projects.js,90,js,1160f313,terantaon,2025-11-01,23:23:43,-07:00,2025-11-01T23:23:43-07:00,1,51
projects\projects.js,91,js,1160f313,terantaon,2025-11-01,23:23:43,-07:00,2025-11-01T23:23:43-07:00,2,59
projects\projects.js,92,js,1160f313,terantaon,2025-11-01,23:23:43,-07:00,2025-11-01T23:23:43-07:00,2,42
projects\projects.js,93,js,1160f313,terantaon,2025-11-01,23:23:43,-07:00,2025-11-01T23:23:43-07:00,1,1
projects\projects.js,94,js,1160f313,terantaon,2025-11-01,23:23:43,-07:00,2025-11-01T23:23:43-07:00,1,25
projects\projects.js,95,js,1160f313,terantaon,2025-11-01,23:23:43,-07:00,2025-11-01T23:23:43-07:00,1,56
projects\projects.js,96,js,1160f313,terantaon,2025-11-01,23:23:43,-07:00,2025-11-01T23:23:43-07:00,1,31
projects\projects.js,97,js,fb259aba,terantaon,2025-10-31,22:56:33,-07:00,2025-10-31T22:56:33-07:00,0,1
projects\index.html,1,html,d3437527,terantaon,2025-10-03,18:07:25,-07:00,2025-10-03T18:07:25-07:00,0,13
projects\index.html,2,html,d3437527,terantaon,2025-10-03,18:07:25,-07:00,2025-10-03T18:07:25-07:00,0,14
projects\index.html,3,html,d3437527,terantaon,2025-10-03,18:07:25,-07:00,2025-10-03T18:07:25-07:00,0,4
projects\index.html,4,html,95f49dcf,terantaon,2025-10-03,23:13:21,-07:00,2025-10-03T23:13:21-07:00,2,41
projects\index.html,5,html,d3437527,terantaon,2025-10-03,18:07:25,-07:00,2025-10-03T18:07:25-07:00,2,20
projects\index.html,6,html,d3437527,terantaon,2025-10-03,18:07:25,-07:00,2025-10-03T18:07:25-07:00,2,68
projects\index.html,7,html,d3437527,terantaon,2025-10-03,18:07:25,-07:00,2025-10-03T18:07:25-07:00,2,21
projects\index.html,8,html,d3437527,terantaon,2025-10-03,18:07:25,-07:00,2025-10-03T18:07:25-07:00,0,5
projects\index.html,9,html,d3437527,terantaon,2025-10-03,18:07:25,-07:00,2025-10-03T18:07:25-07:00,0,4
projects\index.html,10,html,333d28f8,terantaon,2025-10-25,21:39:28,-07:00,2025-10-25T21:39:28-07:00,2,25
projects\index.html,11,html,d3437527,terantaon,2025-10-03,18:07:25,-07:00,2025-10-03T18:07:25-07:00,4,6
projects\index.html,12,html,d3437527,terantaon,2025-10-03,18:07:25,-07:00,2025-10-03T18:07:25-07:00,2,3
projects\index.html,13,html,34f137ab,terantaon,2025-10-31,23:00:31,-07:00,2025-10-31T23:00:31-07:00,2,21
projects\index.html,14,html,f4210816,terantaon,2025-10-31,23:26:00,-07:00,2025-10-31T23:26:00-07:00,4,54
projects\index.html,15,html,34f137ab,terantaon,2025-10-31,23:00:31,-07:00,2025-10-31T23:00:31-07:00,4,22
projects\index.html,16,html,34f137ab,terantaon,2025-10-31,23:00:31,-07:00,2025-10-31T23:00:31-07:00,2,4
projects\index.html,17,html,8061aec5,terantaon,2025-11-01,12:50:27,-07:00,2025-11-01T12:50:27-07:00,2,4
projects\index.html,18,html,8061aec5,terantaon,2025-11-01,12:50:27,-07:00,2025-11-01T12:50:27-07:00,2,15
projects\index.html,19,html,8061aec5,terantaon,2025-11-01,12:50:27,-07:00,2025-11-01T12:50:27-07:00,2,11
projects\index.html,20,html,8061aec5,terantaon,2025-11-01,12:50:27,-07:00,2025-11-01T12:50:27-07:00,2,26
projects\index.html,21,html,8061aec5,terantaon,2025-11-01,12:50:27,-07:00,2025-11-01T12:50:27-07:00,2,31
projects\index.html,22,html,8061aec5,terantaon,2025-11-01,12:50:27,-07:00,2025-11-01T12:50:27-07:00,2,0
projects\index.html,23,html,593ace94,terantaon,2025-10-10,22:54:19,-07:00,2025-10-10T22:54:19-07:00,2,20
projects\index.html,24,html,12ea2f0d,terantaon,2025-10-25,21:04:19,-07:00,2025-10-25T21:04:19-07:00,4,0
projects\index.html,25,html,593ace94,terantaon,2025-10-10,22:54:19,-07:00,2025-10-10T22:54:19-07:00,2,4
projects\index.html,26,html,5d9607e7,terantaon,2025-10-25,22:06:17,-07:00,2025-10-25T22:06:17-07:00,2,48
projects\index.html,27,html,5d9607e7,terantaon,2025-10-25,22:06:17,-07:00,2025-10-25T22:06:17-07:00,2,47
projects\index.html,28,html,d3437527,terantaon,2025-10-03,18:07:25,-07:00,2025-10-03T18:07:25-07:00,0,5
projects\index.html,29,html,d3437527,terantaon,2025-10-03,18:07:25,-07:00,2025-10-03T18:07:25-07:00,0,5
meta\main.js,1,js,a60fa14a,terantaon,2025-11-07,23:48:31,-08:00,2025-11-07T23:48:31-08:00,0,63
meta\main.js,2,js,79dc66cc,terantaon,2025-11-21,23:41:34,-08:00,2025-11-21T23:41:34-08:00,0,72
meta\main.js,3,js,a60fa14a,terantaon,2025-11-07,23:48:31,-08:00,2025-11-07T23:48:31-08:00,0,0
meta\main.js,4,js,a60fa14a,terantaon,2025-11-07,23:48:31,-08:00,2025-11-07T23:48:31-08:00,0,17
meta\main.js,5,js,a60fa14a,terantaon,2025-11-07,23:48:31,-08:00,2025-11-07T23:48:31-08:00,0,0
meta\main.js,6,js,a60fa14a,terantaon,2025-11-07,23:48:31,-08:00,2025-11-07T23:48:31-08:00,0,25
meta\main.js,7,js,a60fa14a,terantaon,2025-11-07,23:48:31,-08:00,2025-11-07T23:48:31-08:00,1,46
meta\main.js,8,js,a60fa14a,terantaon,2025-11-07,23:48:31,-08:00,2025-11-07T23:48:31-08:00,2,5
meta\main.js,9,js,a60fa14a,terantaon,2025-11-07,23:48:31,-08:00,2025-11-07T23:48:31-08:00,2,42
meta\main.js,10,js,a60fa14a,terantaon,2025-11-07,23:48:31,-08:00,2025-11-07T23:48:31-08:00,2,23
meta\main.js,11,js,a60fa14a,terantaon,2025-11-07,23:48:31,-08:00,2025-11-07T23:48:31-08:00,2,25
meta\main.js,12,js,a60fa14a,terantaon,2025-11-07,23:48:31,-08:00,2025-11-07T23:48:31-08:00,2,49
meta\main.js,13,js,a60fa14a,terantaon,2025-11-07,23:48:31,-08:00,2025-11-07T23:48:31-08:00,2,31
meta\main.js,14,js,a60fa14a,terantaon,2025-11-07,23:48:31,-08:00,2025-11-07T23:48:31-08:00,1,2
meta\main.js,15,js,a60fa14a,terantaon,2025-11-07,23:48:31,-08:00,2025-11-07T23:48:31-08:00,0,0
meta\main.js,16,js,a60fa14a,terantaon,2025-11-07,23:48:31,-08:00,2025-11-07T23:48:31-08:00,1,10
meta\main.js,17,js,a60fa14a,terantaon,2025-11-07,23:48:31,-08:00,2025-11-07T23:48:31-08:00,0,0
meta\main.js,18,js,a60fa14a,terantaon,2025-11-07,23:48:31,-08:00,2025-11-07T23:48:31-08:00,0,0
meta\main.js,19,js,a60fa14a,terantaon,2025-11-07,23:48:31,-08:00,2025-11-07T23:48:31-08:00,0,29
meta\main.js,20,js,a60fa14a,terantaon,2025-11-07,23:48:31,-08:00,2025-11-07T23:48:31-08:00,1,7
meta\main.js,21,js,a60fa14a,terantaon,2025-11-07,23:48:31,-08:00,2025-11-07T23:48:31-08:00,2,28
meta\main.js,22,js,a60fa14a,terantaon,2025-11-07,23:48:31,-08:00,2025-11-07T23:48:31-08:00,2,25
meta\main.js,23,js,a60fa14a,terantaon,2025-11-07,23:48:31,-08:00,2025-11-07T23:48:31-08:00,3,19
meta\main.js,24,js,a60fa14a,terantaon,2025-11-07,23:48:31,-08:00,2025-11-07T23:48:31-08:00,3,53
meta\main.js,25,js,a60fa14a,terantaon,2025-11-07,23:48:31,-08:00,2025-11-07T23:48:31-08:00,3,9
meta\main.js,26,js,a60fa14a,terantaon,2025-11-07,23:48:31,-08:00,2025-11-07T23:48:31-08:00,4,9
meta\main.js,27,js,a60fa14a,terantaon,2025-11-07,23:48:31,-08:00,2025-11-07T23:48:31-08:00,4,59
meta\main.js,28,js,a60fa14a,terantaon,2025-11-07,23:48:31,-08:00,2025-11-07T23:48:31-08:00,4,5
meta\main.js,29,js,a60fa14a,terantaon,2025-11-07,23:48:31,-08:00,2025-11-07T23:48:31-08:00,4,3
meta\main.js,30,js,a60fa14a,terantaon,2025-11-07,23:48:31,-08:00,2025-11-07T23:48:31-08:00,4,3
meta\main.js,31,js,a60fa14a,terantaon,2025-11-07,23:48:31,-08:00,2025-11-07T23:48:31-08:00,4,7
meta\main.js,32,js,a60fa14a,terantaon,2025-11-07,23:48:31,-08:00,2025-11-07T23:48:31-08:00,4,7
meta\main.js,33,js,a60fa14a,terantaon,2025-11-07,23:48:31,-08:00,2025-11-07T23:48:31-08:00,4,57
meta\main.js,34,js,a60fa14a,terantaon,2025-11-07,23:48:31,-08:00,2025-11-07T23:48:31-08:00,4,23
meta\main.js,35,js,a60fa14a,terantaon,2025-11-07,23:48:31,-08:00,2025-11-07T23:48:31-08:00,3,0
meta\main.js,36,js,a60fa14a,terantaon,2025-11-07,23:48:31,-08:00,2025-11-07T23:48:31-08:00,0,0
meta\main.js,37,js,a60fa14a,terantaon,2025-11-07,23:48:31,-08:00,2025-11-07T23:48:31-08:00,3,35
meta\main.js,38,js,a60fa14a,terantaon,2025-11-07,23:48:31,-08:00,2025-11-07T23:48:31-08:00,4,11
meta\main.js,39,js,a60fa14a,terantaon,2025-11-07,23:48:31,-08:00,2025-11-07T23:48:31-08:00,4,14
meta\main.js,40,js,a60fa14a,terantaon,2025-11-07,23:48:31,-08:00,2025-11-07T23:48:31-08:00,4,16
meta\main.js,41,js,a60fa14a,terantaon,2025-11-07,23:48:31,-08:00,2025-11-07T23:48:31-08:00,4,18
meta\main.js,42,js,a60fa14a,terantaon,2025-11-07,23:48:31,-08:00,2025-11-07T23:48:31-08:00,3,1
meta\main.js,43,js,a60fa14a,terantaon,2025-11-07,23:48:31,-08:00,2025-11-07T23:48:31-08:00,0,0
meta\main.js,44,js,a60fa14a,terantaon,2025-11-07,23:48:31,-08:00,2025-11-07T23:48:31-08:00,3,9
meta\main.js,45,js,780b3418,terantaon,2025-11-22,01:30:17,-08:00,2025-11-22T01:30:17-08:00,2,54
meta\main.js,46,js,a60fa14a,terantaon,2025-11-07,23:48:31,-08:00,2025-11-07T23:48:31-08:00,0,0
meta\main.js,47,js,a60fa14a,terantaon,2025-11-07,23:48:31,-08:00,2025-11-07T23:48:31-08:00,0,0
meta\main.js,48,js,a60fa14a,terantaon,2025-11-07,23:48:31,-08:00,2025-11-07T23:48:31-08:00,0,40
meta\main.js,49,js,a60fa14a,terantaon,2025-11-07,23:48:31,-08:00,2025-11-07T23:48:31-08:00,1,22
meta\main.js,50,js,a60fa14a,terantaon,2025-11-07,23:48:31,-08:00,2025-11-07T23:48:31-08:00,1,65
meta\main.js,51,js,a60fa14a,terantaon,2025-11-07,23:48:31,-08:00,2025-11-07T23:48:31-08:00,0,0
meta\main.js,52,js,a60fa14a,terantaon,2025-11-07,23:48:31,-08:00,2025-11-07T23:48:31-08:00,1,14
meta\main.js,53,js,a60fa14a,terantaon,2025-11-07,23:48:31,-08:00,2025-11-07T23:48:31-08:00,1,67
meta\main.js,54,js,a60fa14a,terantaon,2025-11-07,23:48:31,-08:00,2025-11-07T23:48:31-08:00,1,32
meta\main.js,55,js,a60fa14a,terantaon,2025-11-07,23:48:31,-08:00,2025-11-07T23:48:31-08:00,0,0
meta\main.js,56,js,a60fa14a,terantaon,2025-11-07,23:48:31,-08:00,2025-11-07T23:48:31-08:00,1,18
meta\main.js,57,js,a60fa14a,terantaon,2025-11-07,23:48:31,-08:00,2025-11-07T23:48:31-08:00,1,36
meta\main.js,58,js,a60fa14a,terantaon,2025-11-07,23:48:31,-08:00,2025-11-07T23:48:31-08:00,1,35
meta\main.js,59,js,a60fa14a,terantaon,2025-11-07,23:48:31,-08:00,2025-11-07T23:48:31-08:00,0,0
meta\main.js,60,js,a60fa14a,terantaon,2025-11-07,23:48:31,-08:00,2025-11-07T23:48:31-08:00,1,28
meta\main.js,61,js,a60fa14a,terantaon,2025-11-07,23:48:31,-08:00,2025-11-07T23:48:31-08:00,1,53
meta\main.js,62,js,a60fa14a,terantaon,2025-11-07,23:48:31,-08:00,2025-11-07T23:48:31-08:00,0,0
meta\main.js,63,js,a60fa14a,terantaon,2025-11-07,23:48:31,-08:00,2025-11-07T23:48:31-08:00,1,32
meta\main.js,64,js,a60fa14a,terantaon,2025-11-07,23:48:31,-08:00,2025-11-07T23:48:31-08:00,1,47
meta\main.js,65,js,a60fa14a,terantaon,2025-11-07,23:48:31,-08:00,2025-11-07T23:48:31-08:00,0,0
meta\main.js,66,js,a60fa14a,terantaon,2025-11-07,23:48:31,-08:00,2025-11-07T23:48:31-08:00,1,35
meta\main.js,67,js,a60fa14a,terantaon,2025-11-07,23:48:31,-08:00,2025-11-07T23:48:31-08:00,1,48
meta\main.js,68,js,a60fa14a,terantaon,2025-11-07,23:48:31,-08:00,2025-11-07T23:48:31-08:00,0,0
meta\main.js,69,js,a60fa14a,terantaon,2025-11-07,23:48:31,-08:00,2025-11-07T23:48:31-08:00,1,29
meta\main.js,70,js,a60fa14a,terantaon,2025-11-07,23:48:31,-08:00,2025-11-07T23:48:31-08:00,2,3
meta\main.js,71,js,a60fa14a,terantaon,2025-11-07,23:48:31,-08:00,2025-11-07T23:48:31-08:00,2,30
meta\main.js,72,js,a60fa14a,terantaon,2025-11-07,23:48:31,-08:00,2025-11-07T23:48:31-08:00,2,11
meta\main.js,73,js,a60fa14a,terantaon,2025-11-07,23:48:31,-08:00,2025-11-07T23:48:31-08:00,1,0
meta\main.js,74,js,a60fa14a,terantaon,2025-11-07,23:48:31,-08:00,2025-11-07T23:48:31-08:00,1,58
meta\main.js,75,js,a60fa14a,terantaon,2025-11-07,23:48:31,-08:00,2025-11-07T23:48:31-08:00,0,0
meta\main.js,76,js,4ab22422,terantaon,2025-11-08,01:01:59,-08:00,2025-11-08T01:01:59-08:00,1,42
meta\main.js,77,js,a60fa14a,terantaon,2025-11-07,23:48:31,-08:00,2025-11-07T23:48:31-08:00,1,38
meta\main.js,78,js,a60fa14a,terantaon,2025-11-07,23:48:31,-08:00,2025-11-07T23:48:31-08:00,0,0
meta\main.js,79,js,a60fa14a,terantaon,2025-11-07,23:48:31,-08:00,2025-11-07T23:48:31-08:00,0,0
meta\main.js,80,js,a60fa14a,terantaon,2025-11-07,23:48:31,-08:00,2025-11-07T23:48:31-08:00,0,41
meta\main.js,81,js,a60fa14a,terantaon,2025-11-07,23:48:31,-08:00,2025-11-07T23:48:31-08:00,2,17
meta\main.js,82,js,a60fa14a,terantaon,2025-11-07,23:48:31,-08:00,2025-11-07T23:48:31-08:00,2,17
meta\main.js,83,js,a60fa14a,terantaon,2025-11-07,23:48:31,-08:00,2025-11-07T23:48:31-08:00,0,0
meta\main.js,84,js,a60fa14a,terantaon,2025-11-07,23:48:31,-08:00,2025-11-07T23:48:31-08:00,2,12
meta\main.js,85,js,a60fa14a,terantaon,2025-11-07,23:48:31,-08:00,2025-11-07T23:48:31-08:00,2,15
meta\main.js,86,js,a60fa14a,terantaon,2025-11-07,23:48:31,-08:00,2025-11-07T23:48:31-08:00,2,12
meta\main.js,87,js,a60fa14a,terantaon,2025-11-07,23:48:31,-08:00,2025-11-07T23:48:31-08:00,2,40
meta\main.js,88,js,a60fa14a,terantaon,2025-11-07,23:48:31,-08:00,2025-11-07T23:48:31-08:00,2,28
meta\main.js,89,js,a60fa14a,terantaon,2025-11-07,23:48:31,-08:00,2025-11-07T23:48:31-08:00,0,0
meta\main.js,90,js,a60fa14a,terantaon,2025-11-07,23:48:31,-08:00,2025-11-07T23:48:31-08:00,2,9
meta\main.js,91,js,a60fa14a,terantaon,2025-11-07,23:48:31,-08:00,2025-11-07T23:48:31-08:00,2,10
meta\main.js,92,js,a60fa14a,terantaon,2025-11-07,23:48:31,-08:00,2025-11-07T23:48:31-08:00,2,44
meta\main.js,93,js,a60fa14a,terantaon,2025-11-07,23:48:31,-08:00,2025-11-07T23:48:31-08:00,2,16
meta\main.js,94,js,a60fa14a,terantaon,2025-11-07,23:48:31,-08:00,2025-11-07T23:48:31-08:00,2,6
meta\main.js,95,js,a60fa14a,terantaon,2025-11-07,23:48:31,-08:00,2025-11-07T23:48:31-08:00,2,0
meta\main.js,96,js,a60fa14a,terantaon,2025-11-07,23:48:31,-08:00,2025-11-07T23:48:31-08:00,2,59
meta\main.js,97,js,a60fa14a,terantaon,2025-11-07,23:48:31,-08:00,2025-11-07T23:48:31-08:00,0,0
meta\main.js,98,js,a60fa14a,terantaon,2025-11-07,23:48:31,-08:00,2025-11-07T23:48:31-08:00,2,58
meta\main.js,99,js,a60fa14a,terantaon,2025-11-07,23:48:31,-08:00,2025-11-07T23:48:31-08:00,0,0
meta\main.js,100,js,a60fa14a,terantaon,2025-11-07,23:48:31,-08:00,2025-11-07T23:48:31-08:00,2,18
meta\main.js,101,js,a60fa14a,terantaon,2025-11-07,23:48:31,-08:00,2025-11-07T23:48:31-08:00,4,14
meta\main.js,102,js,a60fa14a,terantaon,2025-11-07,23:48:31,-08:00,2025-11-07T23:48:31-08:00,4,26
meta\main.js,103,js,a60fa14a,terantaon,2025-11-07,23:48:31,-08:00,2025-11-07T23:48:31-08:00,4,29
meta\main.js,104,js,a60fa14a,terantaon,2025-11-07,23:48:31,-08:00,2025-11-07T23:48:31-08:00,4,16
meta\main.js,105,js,a60fa14a,terantaon,2025-11-07,23:48:31,-08:00,2025-11-07T23:48:31-08:00,4,40
meta\main.js,106,js,a60fa14a,terantaon,2025-11-07,23:48:31,-08:00,2025-11-07T23:48:31-08:00,4,42
meta\main.js,107,js,a60fa14a,terantaon,2025-11-07,23:48:31,-08:00,2025-11-07T23:48:31-08:00,2,0
meta\main.js,108,js,a60fa14a,terantaon,2025-11-07,23:48:31,-08:00,2025-11-07T23:48:31-08:00,0,0
meta\main.js,109,js,a60fa14a,terantaon,2025-11-07,23:48:31,-08:00,2025-11-07T23:48:31-08:00,2,48
meta\main.js,110,js,a60fa14a,terantaon,2025-11-07,23:48:31,-08:00,2025-11-07T23:48:31-08:00,2,48
meta\main.js,111,js,a60fa14a,terantaon,2025-11-07,23:48:31,-08:00,2025-11-07T23:48:31-08:00,0,0
meta\main.js,112,js,a60fa14a,terantaon,2025-11-07,23:48:31,-08:00,2025-11-07T23:48:31-08:00,2,19
meta\main.js,113,js,a60fa14a,terantaon,2025-11-07,23:48:31,-08:00,2025-11-07T23:48:31-08:00,2,10
meta\main.js,114,js,a60fa14a,terantaon,2025-11-07,23:48:31,-08:00,2025-11-07T23:48:31-08:00,2,25
meta\main.js,115,js,a60fa14a,terantaon,2025-11-07,23:48:31,-08:00,2025-11-07T23:48:31-08:00,2,53
meta\main.js,116,js,a60fa14a,terantaon,2025-11-07,23:48:31,-08:00,2025-11-07T23:48:31-08:00,0,0
meta\main.js,117,js,a60fa14a,terantaon,2025-11-07,23:48:31,-08:00,2025-11-07T23:48:31-08:00,2,77
meta\main.js,118,js,a60fa14a,terantaon,2025-11-07,23:48:31,-08:00,2025-11-07T23:48:31-08:00,0,0
meta\main.js,119,js,a60fa14a,terantaon,2025-11-07,23:48:31,-08:00,2025-11-07T23:48:31-08:00,2,34
meta\main.js,120,js,a60fa14a,terantaon,2025-11-07,23:48:31,-08:00,2025-11-07T23:48:31-08:00,2,14
meta\main.js,121,js,a60fa14a,terantaon,2025-11-07,23:48:31,-08:00,2025-11-07T23:48:31-08:00,2,15
meta\main.js,122,js,a60fa14a,terantaon,2025-11-07,23:48:31,-08:00,2025-11-07T23:48:31-08:00,2,58
meta\main.js,123,js,a60fa14a,terantaon,2025-11-07,23:48:31,-08:00,2025-11-07T23:48:31-08:00,0,0
meta\main.js,124,js,a60fa14a,terantaon,2025-11-07,23:48:31,-08:00,2025-11-07T23:48:31-08:00,2,1
meta\main.js,125,js,a60fa14a,terantaon,2025-11-07,23:48:31,-08:00,2025-11-07T23:48:31-08:00,2,10
meta\main.js,126,js,a60fa14a,terantaon,2025-11-07,23:48:31,-08:00,2025-11-07T23:48:31-08:00,2,54
meta\main.js,127,js,181f9ae1,terantaon,2025-11-21,17:21:37,-08:00,2025-11-21T17:21:37-08:00,2,22
meta\main.js,128,js,a60fa14a,terantaon,2025-11-07,23:48:31,-08:00,2025-11-07T23:48:31-08:00,2,11
meta\main.js,129,js,a60fa14a,terantaon,2025-11-07,23:48:31,-08:00,2025-11-07T23:48:31-08:00,0,0
meta\main.js,130,js,a60fa14a,terantaon,2025-11-07,23:48:31,-08:00,2025-11-07T23:48:31-08:00,2,1
meta\main.js,131,js,a60fa14a,terantaon,2025-11-07,23:48:31,-08:00,2025-11-07T23:48:31-08:00,2,10
meta\main.js,132,js,a60fa14a,terantaon,2025-11-07,23:48:31,-08:00,2025-11-07T23:48:31-08:00,2,52
meta\main.js,133,js,181f9ae1,terantaon,2025-11-21,17:21:37,-08:00,2025-11-21T17:21:37-08:00,2,22
meta\main.js,134,js,a60fa14a,terantaon,2025-11-07,23:48:31,-08:00,2025-11-07T23:48:31-08:00,2,11
meta\main.js,135,js,a60fa14a,terantaon,2025-11-07,23:48:31,-08:00,2025-11-07T23:48:31-08:00,0,0
meta\main.js,136,js,a60fa14a,terantaon,2025-11-07,23:48:31,-08:00,2025-11-07T23:48:31-08:00,2,49
meta\main.js,137,js,a60fa14a,terantaon,2025-11-07,23:48:31,-08:00,2025-11-07T23:48:31-08:00,2,67
meta\main.js,138,js,a60fa14a,terantaon,2025-11-07,23:48:31,-08:00,2025-11-07T23:48:31-08:00,2,72
meta\main.js,139,js,a60fa14a,terantaon,2025-11-07,23:48:31,-08:00,2025-11-07T23:48:31-08:00,2,59
meta\main.js,140,js,a60fa14a,terantaon,2025-11-07,23:48:31,-08:00,2025-11-07T23:48:31-08:00,0,0
meta\main.js,141,js,a60fa14a,terantaon,2025-11-07,23:48:31,-08:00,2025-11-07T23:48:31-08:00,2,2
meta\main.js,142,js,a60fa14a,terantaon,2025-11-07,23:48:31,-08:00,2025-11-07T23:48:31-08:00,2,18
meta\main.js,143,js,181f9ae1,terantaon,2025-11-21,17:21:37,-08:00,2025-11-21T17:21:37-08:00,2,31
meta\main.js,144,js,a60fa14a,terantaon,2025-11-07,23:48:31,-08:00,2025-11-07T23:48:31-08:00,2,13
meta\main.js,145,js,a60fa14a,terantaon,2025-11-07,23:48:31,-08:00,2025-11-07T23:48:31-08:00,2,36
meta\main.js,146,js,a60fa14a,terantaon,2025-11-07,23:48:31,-08:00,2025-11-07T23:48:31-08:00,2,36
meta\main.js,147,js,a60fa14a,terantaon,2025-11-07,23:48:31,-08:00,2025-11-07T23:48:31-08:00,2,37
meta\main.js,148,js,a60fa14a,terantaon,2025-11-07,23:48:31,-08:00,2025-11-07T23:48:31-08:00,2,25
meta\main.js,149,js,a60fa14a,terantaon,2025-11-07,23:48:31,-08:00,2025-11-07T23:48:31-08:00,2,24
meta\main.js,150,js,a60fa14a,terantaon,2025-11-07,23:48:31,-08:00,2025-11-07T23:48:31-08:00,2,36
meta\main.js,151,js,a60fa14a,terantaon,2025-11-07,23:48:31,-08:00,2025-11-07T23:48:31-08:00,4,54
meta\main.js,152,js,a60fa14a,terantaon,2025-11-07,23:48:31,-08:00,2025-11-07T23:48:31-08:00,4,27
meta\main.js,153,js,a60fa14a,terantaon,2025-11-07,23:48:31,-08:00,2025-11-07T23:48:31-08:00,4,28
meta\main.js,154,js,a60fa14a,terantaon,2025-11-07,23:48:31,-08:00,2025-11-07T23:48:31-08:00,4,27
meta\main.js,155,js,a60fa14a,terantaon,2025-11-07,23:48:31,-08:00,2025-11-07T23:48:31-08:00,2,0
meta\main.js,156,js,181f9ae1,terantaon,2025-11-21,17:21:37,-08:00,2025-11-21T17:21:37-08:00,2,28
meta\main.js,157,js,a60fa14a,terantaon,2025-11-07,23:48:31,-08:00,2025-11-07T23:48:31-08:00,4,56
meta\main.js,158,js,a60fa14a,terantaon,2025-11-07,23:48:31,-08:00,2025-11-07T23:48:31-08:00,4,29
meta\main.js,159,js,a60fa14a,terantaon,2025-11-07,23:48:31,-08:00,2025-11-07T23:48:31-08:00,2,1
meta\main.js,160,js,a60fa14a,terantaon,2025-11-07,23:48:31,-08:00,2025-11-07T23:48:31-08:00,2,22
meta\main.js,161,js,a60fa14a,terantaon,2025-11-07,23:48:31,-08:00,2025-11-07T23:48:31-08:00,0,0
meta\main.js,162,js,a60fa14a,terantaon,2025-11-07,23:48:31,-08:00,2025-11-07T23:48:31-08:00,0,0
meta\main.js,163,js,a60fa14a,terantaon,2025-11-07,23:48:31,-08:00,2025-11-07T23:48:31-08:00,0,37
meta\main.js,164,js,a60fa14a,terantaon,2025-11-07,23:48:31,-08:00,2025-11-07T23:48:31-08:00,1,50
meta\main.js,165,js,a60fa14a,terantaon,2025-11-07,23:48:31,-08:00,2025-11-07T23:48:31-08:00,1,50
meta\main.js,166,js,a60fa14a,terantaon,2025-11-07,23:48:31,-08:00,2025-11-07T23:48:31-08:00,0,0
meta\main.js,167,js,a60fa14a,terantaon,2025-11-07,23:48:31,-08:00,2025-11-07T23:48:31-08:00,1,43
meta\main.js,168,js,a60fa14a,terantaon,2025-11-07,23:48:31,-08:00,2025-11-07T23:48:31-08:00,0,0
meta\main.js,169,js,a60fa14a,terantaon,2025-11-07,23:48:31,-08:00,2025-11-07T23:48:31-08:00,1,21
meta\main.js,170,js,a60fa14a,terantaon,2025-11-07,23:48:31,-08:00,2025-11-07T23:48:31-08:00,1,27
meta\main.js,171,js,a60fa14a,terantaon,2025-11-07,23:48:31,-08:00,2025-11-07T23:48:31-08:00,1,56
meta\main.js,172,js,a60fa14a,terantaon,2025-11-07,23:48:31,-08:00,2025-11-07T23:48:31-08:00,2,16
meta\main.js,173,js,a60fa14a,terantaon,2025-11-07,23:48:31,-08:00,2025-11-07T23:48:31-08:00,1,1
meta\main.js,174,js,a60fa14a,terantaon,2025-11-07,23:48:31,-08:00,2025-11-07T23:48:31-08:00,0,0
meta\main.js,175,js,a60fa14a,terantaon,2025-11-07,23:48:31,-08:00,2025-11-07T23:48:31-08:00,0,0
meta\main.js,176,js,a60fa14a,terantaon,2025-11-07,23:48:31,-08:00,2025-11-07T23:48:31-08:00,0,43
meta\main.js,177,js,a60fa14a,terantaon,2025-11-07,23:48:31,-08:00,2025-11-07T23:48:31-08:00,1,56
meta\main.js,178,js,a60fa14a,terantaon,2025-11-07,23:48:31,-08:00,2025-11-07T23:48:31-08:00,1,26
meta\main.js,179,js,a60fa14a,terantaon,2025-11-07,23:48:31,-08:00,2025-11-07T23:48:31-08:00,0,0
meta\main.js,180,js,a60fa14a,terantaon,2025-11-07,23:48:31,-08:00,2025-11-07T23:48:31-08:00,0,0
meta\main.js,181,js,a60fa14a,terantaon,2025-11-07,23:48:31,-08:00,2025-11-07T23:48:31-08:00,0,37
meta\main.js,182,js,a60fa14a,terantaon,2025-11-07,23:48:31,-08:00,2025-11-07T23:48:31-08:00,1,56
meta\main.js,183,js,a60fa14a,terantaon,2025-11-07,23:48:31,-08:00,2025-11-07T23:48:31-08:00,1,40
meta\main.js,184,js,a60fa14a,terantaon,2025-11-07,23:48:31,-08:00,2025-11-07T23:48:31-08:00,1,39
meta\main.js,185,js,a60fa14a,terantaon,2025-11-07,23:48:31,-08:00,2025-11-07T23:48:31-08:00,0,0
meta\main.js,186,js,a60fa14a,terantaon,2025-11-07,23:48:31,-08:00,2025-11-07T23:48:31-08:00,0,0
meta\main.js,187,js,a60fa14a,terantaon,2025-11-07,23:48:31,-08:00,2025-11-07T23:48:31-08:00,0,33
meta\main.js,188,js,a60fa14a,terantaon,2025-11-07,23:48:31,-08:00,2025-11-07T23:48:31-08:00,2,50
meta\main.js,189,js,a60fa14a,terantaon,2025-11-07,23:48:31,-08:00,2025-11-07T23:48:31-08:00,2,43
meta\main.js,190,js,a60fa14a,terantaon,2025-11-07,23:48:31,-08:00,2025-11-07T23:48:31-08:00,0,0
meta\main.js,191,js,a60fa14a,terantaon,2025-11-07,23:48:31,-08:00,2025-11-07T23:48:31-08:00,0,0
meta\main.js,192,js,a60fa14a,terantaon,2025-11-07,23:48:31,-08:00,2025-11-07T23:48:31-08:00,0,23
meta\main.js,193,js,a60fa14a,terantaon,2025-11-07,23:48:31,-08:00,2025-11-07T23:48:31-08:00,1,32
meta\main.js,194,js,a60fa14a,terantaon,2025-11-07,23:48:31,-08:00,2025-11-07T23:48:31-08:00,1,47
meta\main.js,195,js,a60fa14a,terantaon,2025-11-07,23:48:31,-08:00,2025-11-07T23:48:31-08:00,2,29
meta\main.js,196,js,a60fa14a,terantaon,2025-11-07,23:48:31,-08:00,2025-11-07T23:48:31-08:00,1,0
meta\main.js,197,js,a60fa14a,terantaon,2025-11-07,23:48:31,-08:00,2025-11-07T23:48:31-08:00,1,30
meta\main.js,198,js,a60fa14a,terantaon,2025-11-07,23:48:31,-08:00,2025-11-07T23:48:31-08:00,1,33
meta\main.js,199,js,a60fa14a,terantaon,2025-11-07,23:48:31,-08:00,2025-11-07T23:48:31-08:00,0,0
meta\main.js,200,js,a60fa14a,terantaon,2025-11-07,23:48:31,-08:00,2025-11-07T23:48:31-08:00,0,0
meta\main.js,201,js,a60fa14a,terantaon,2025-11-07,23:48:31,-08:00,2025-11-07T23:48:31-08:00,0,44
meta\main.js,202,js,a60fa14a,terantaon,2025-11-07,23:48:31,-08:00,2025-11-07T23:48:31-08:00,1,70
meta\main.js,203,js,a60fa14a,terantaon,2025-11-07,23:48:31,-08:00,2025-11-07T23:48:31-08:00,1,73
meta\main.js,204,js,a60fa14a,terantaon,2025-11-07,23:48:31,-08:00,2025-11-07T23:48:31-08:00,1,73
meta\main.js,205,js,a60fa14a,terantaon,2025-11-07,23:48:31,-08:00,2025-11-07T23:48:31-08:00,1,82
meta\main.js,206,js,a60fa14a,terantaon,2025-11-07,23:48:31,-08:00,2025-11-07T23:48:31-08:00,1,32
meta\main.js,207,js,a60fa14a,terantaon,2025-11-07,23:48:31,-08:00,2025-11-07T23:48:31-08:00,1,46
meta\main.js,208,js,a60fa14a,terantaon,2025-11-07,23:48:31,-08:00,2025-11-07T23:48:31-08:00,0,0
meta\main.js,209,js,a60fa14a,terantaon,2025-11-07,23:48:31,-08:00,2025-11-07T23:48:31-08:00,0,0
meta\main.js,210,js,a60fa14a,terantaon,2025-11-07,23:48:31,-08:00,2025-11-07T23:48:31-08:00,0,40
meta\main.js,211,js,a60fa14a,terantaon,2025-11-07,23:48:31,-08:00,2025-11-07T23:48:31-08:00,1,31
meta\main.js,212,js,a60fa14a,terantaon,2025-11-07,23:48:31,-08:00,2025-11-07T23:48:31-08:00,2,53
meta\main.js,213,js,a60fa14a,terantaon,2025-11-07,23:48:31,-08:00,2025-11-07T23:48:31-08:00,2,3
meta\main.js,214,js,a60fa14a,terantaon,2025-11-07,23:48:31,-08:00,2025-11-07T23:48:31-08:00,0,0
meta\main.js,215,js,a60fa14a,terantaon,2025-11-07,23:48:31,-08:00,2025-11-07T23:48:31-08:00,1,62
meta\main.js,216,js,a60fa14a,terantaon,2025-11-07,23:48:31,-08:00,2025-11-07T23:48:31-08:00,1,28
meta\main.js,217,js,a60fa14a,terantaon,2025-11-07,23:48:31,-08:00,2025-11-07T23:48:31-08:00,2,28
meta\main.js,218,js,a60fa14a,terantaon,2025-11-07,23:48:31,-08:00,2025-11-07T23:48:31-08:00,1,18
meta\main.js,219,js,a60fa14a,terantaon,2025-11-07,23:48:31,-08:00,2025-11-07T23:48:31-08:00,0,0
meta\main.js,220,js,a60fa14a,terantaon,2025-11-07,23:48:31,-08:00,2025-11-07T23:48:31-08:00,1,21
meta\main.js,221,js,a60fa14a,terantaon,2025-11-07,23:48:31,-08:00,2025-11-07T23:48:31-08:00,0,0
meta\main.js,222,js,a60fa14a,terantaon,2025-11-07,23:48:31,-08:00,2025-11-07T23:48:31-08:00,0,0
meta\main.js,223,js,a60fa14a,terantaon,2025-11-07,23:48:31,-08:00,2025-11-07T23:48:31-08:00,0,43
meta\main.js,224,js,a60fa14a,terantaon,2025-11-07,23:48:31,-08:00,2025-11-07T23:48:31-08:00,1,31
meta\main.js,225,js,a60fa14a,terantaon,2025-11-07,23:48:31,-08:00,2025-11-07T23:48:31-08:00,2,53
meta\main.js,226,js,a60fa14a,terantaon,2025-11-07,23:48:31,-08:00,2025-11-07T23:48:31-08:00,2,3
meta\main.js,227,js,a60fa14a,terantaon,2025-11-07,23:48:31,-08:00,2025-11-07T23:48:31-08:00,1,62
meta\main.js,228,js,a60fa14a,terantaon,2025-11-07,23:48:31,-08:00,2025-11-07T23:48:31-08:00,0,0
meta\main.js,229,js,a60fa14a,terantaon,2025-11-07,23:48:31,-08:00,2025-11-07T23:48:31-08:00,1,33
meta\main.js,230,js,a60fa14a,terantaon,2025-11-07,23:48:31,-08:00,2025-11-07T23:48:31-08:00,2,23
meta\main.js,231,js,a60fa14a,terantaon,2025-11-07,23:48:31,-08:00,2025-11-07T23:48:31-08:00,2,5
meta\main.js,232,js,a60fa14a,terantaon,2025-11-07,23:48:31,-08:00,2025-11-07T23:48:31-08:00,1,0
meta\main.js,233,js,a60fa14a,terantaon,2025-11-07,23:48:31,-08:00,2025-11-07T23:48:31-08:00,1,73
meta\main.js,234,js,a60fa14a,terantaon,2025-11-07,23:48:31,-08:00,2025-11-07T23:48:31-08:00,1,52
meta\main.js,235,js,a60fa14a,terantaon,2025-11-07,23:48:31,-08:00,2025-11-07T23:48:31-08:00,0,0
meta\main.js,236,js,a60fa14a,terantaon,2025-11-07,23:48:31,-08:00,2025-11-07T23:48:31-08:00,1,42
meta\main.js,237,js,a60fa14a,terantaon,2025-11-07,23:48:31,-08:00,2025-11-07T23:48:31-08:00,1,26
meta\main.js,238,js,a60fa14a,terantaon,2025-11-07,23:48:31,-08:00,2025-11-07T23:48:31-08:00,2,4
meta\main.js,239,js,a60fa14a,terantaon,2025-11-07,23:48:31,-08:00,2025-11-07T23:48:31-08:00,2,14
meta\main.js,240,js,a60fa14a,terantaon,2025-11-07,23:48:31,-08:00,2025-11-07T23:48:31-08:00,2,12
meta\main.js,241,js,a60fa14a,terantaon,2025-11-07,23:48:31,-08:00,2025-11-07T23:48:31-08:00,1,0
meta\main.js,242,js,a60fa14a,terantaon,2025-11-07,23:48:31,-08:00,2025-11-07T23:48:31-08:00,0,0
meta\main.js,243,js,a60fa14a,terantaon,2025-11-07,23:48:31,-08:00,2025-11-07T23:48:31-08:00,1,26
meta\main.js,244,js,a60fa14a,terantaon,2025-11-07,23:48:31,-08:00,2025-11-07T23:48:31-08:00,1,23
meta\main.js,245,js,a60fa14a,terantaon,2025-11-07,23:48:31,-08:00,2025-11-07T23:48:31-08:00,0,0
meta\main.js,246,js,a60fa14a,terantaon,2025-11-07,23:48:31,-08:00,2025-11-07T23:48:31-08:00,1,42
meta\main.js,247,js,a60fa14a,terantaon,2025-11-07,23:48:31,-08:00,2025-11-07T23:48:31-08:00,2,38
meta\main.js,248,js,a60fa14a,terantaon,2025-11-07,23:48:31,-08:00,2025-11-07T23:48:31-08:00,2,46
meta\main.js,249,js,a60fa14a,terantaon,2025-11-07,23:48:31,-08:00,2025-11-07T23:48:31-08:00,0,0
meta\main.js,250,js,a60fa14a,terantaon,2025-11-07,23:48:31,-08:00,2025-11-07T23:48:31-08:00,2,22
meta\main.js,251,js,a60fa14a,terantaon,2025-11-07,23:48:31,-08:00,2025-11-07T23:48:31-08:00,6,18
meta\main.js,252,js,a60fa14a,terantaon,2025-11-07,23:48:31,-08:00,2025-11-07T23:48:31-08:00,6,36
meta\main.js,253,js,a60fa14a,terantaon,2025-11-07,23:48:31,-08:00,2025-11-07T23:48:31-08:00,4,0
meta\main.js,254,js,a60fa14a,terantaon,2025-11-07,23:48:31,-08:00,2025-11-07T23:48:31-08:00,1,0
meta\main.js,255,js,a60fa14a,terantaon,2025-11-07,23:48:31,-08:00,2025-11-07T23:48:31-08:00,0,0
meta\main.js,256,js,a60fa14a,terantaon,2025-11-07,23:48:31,-08:00,2025-11-07T23:48:31-08:00,0,0
meta\main.js,257,js,2c2fdc7b,terantaon,2025-11-21,17:29:44,-08:00,2025-11-21T17:29:44-08:00,0,26
meta\main.js,258,js,2c2fdc7b,terantaon,2025-11-21,17:29:44,-08:00,2025-11-21T17:29:44-08:00,0,33
meta\main.js,259,js,2c2fdc7b,terantaon,2025-11-21,17:29:44,-08:00,2025-11-21T17:29:44-08:00,0,0
meta\main.js,260,js,25fa3419,terantaon,2025-11-22,00:44:27,-08:00,2025-11-22T00:44:27-08:00,0,23
meta\main.js,261,js,2c2fdc7b,terantaon,2025-11-21,17:29:44,-08:00,2025-11-21T17:29:44-08:00,0,16
meta\main.js,262,js,2c2fdc7b,terantaon,2025-11-21,17:29:44,-08:00,2025-11-21T17:29:44-08:00,1,10
meta\main.js,263,js,2c2fdc7b,terantaon,2025-11-21,17:29:44,-08:00,2025-11-21T17:29:44-08:00,1,7
meta\main.js,264,js,2c2fdc7b,terantaon,2025-11-21,17:29:44,-08:00,2025-11-21T17:29:44-08:00,2,33
meta\main.js,265,js,2c2fdc7b,terantaon,2025-11-21,17:29:44,-08:00,2025-11-21T17:29:44-08:00,2,33
meta\main.js,266,js,2c2fdc7b,terantaon,2025-11-21,17:29:44,-08:00,2025-11-21T17:29:44-08:00,1,0
meta\main.js,267,js,2c2fdc7b,terantaon,2025-11-21,17:29:44,-08:00,2025-11-21T17:29:44-08:00,1,15
meta\main.js,268,js,2c2fdc7b,terantaon,2025-11-21,17:29:44,-08:00,2025-11-21T17:29:44-08:00,0,51
meta\main.js,269,js,2c2fdc7b,terantaon,2025-11-21,17:29:44,-08:00,2025-11-21T17:29:44-08:00,0,0
meta\main.js,270,js,2c2fdc7b,terantaon,2025-11-21,17:29:44,-08:00,2025-11-21T17:29:44-08:00,0,28
meta\main.js,271,js,2c2fdc7b,terantaon,2025-11-21,17:29:44,-08:00,2025-11-21T17:29:44-08:00,0,0
meta\main.js,272,js,7e042f1c,terantaon,2025-11-21,22:47:44,-08:00,2025-11-21T22:47:44-08:00,0,43
meta\main.js,273,js,7e042f1c,terantaon,2025-11-21,22:47:44,-08:00,2025-11-21T22:47:44-08:00,1,50
meta\main.js,274,js,7e042f1c,terantaon,2025-11-21,22:47:44,-08:00,2025-11-21T22:47:44-08:00,1,12
meta\main.js,275,js,7e042f1c,terantaon,2025-11-21,22:47:44,-08:00,2025-11-21T22:47:44-08:00,2,27
meta\main.js,276,js,7e042f1c,terantaon,2025-11-21,22:47:44,-08:00,2025-11-21T22:47:44-08:00,2,23
meta\main.js,277,js,7e042f1c,terantaon,2025-11-21,22:47:44,-08:00,2025-11-21T22:47:44-08:00,3,21
meta\main.js,278,js,7e042f1c,terantaon,2025-11-21,22:47:44,-08:00,2025-11-21T22:47:44-08:00,2,0
meta\main.js,279,js,7e042f1c,terantaon,2025-11-21,22:47:44,-08:00,2025-11-21T22:47:44-08:00,2,47
meta\main.js,280,js,7e042f1c,terantaon,2025-11-21,22:47:44,-08:00,2025-11-21T22:47:44-08:00,0,0
meta\main.js,281,js,7e042f1c,terantaon,2025-11-21,22:47:44,-08:00,2025-11-21T22:47:44-08:00,1,47
meta\main.js,282,js,7e042f1c,terantaon,2025-11-21,22:47:44,-08:00,2025-11-21T22:47:44-08:00,0,0
meta\main.js,283,js,7e042f1c,terantaon,2025-11-21,22:47:44,-08:00,2025-11-21T22:47:44-08:00,1,21
meta\main.js,284,js,7e042f1c,terantaon,2025-11-21,22:47:44,-08:00,2025-11-21T22:47:44-08:00,2,15
meta\main.js,285,js,7e042f1c,terantaon,2025-11-21,22:47:44,-08:00,2025-11-21T22:47:44-08:00,2,15
meta\main.js,286,js,7e042f1c,terantaon,2025-11-21,22:47:44,-08:00,2025-11-21T22:47:44-08:00,2,25
meta\main.js,287,js,7e042f1c,terantaon,2025-11-21,22:47:44,-08:00,2025-11-21T22:47:44-08:00,2,4
meta\main.js,288,js,7e042f1c,terantaon,2025-11-21,22:47:44,-08:00,2025-11-21T22:47:44-08:00,3,8
meta\main.js,289,js,7e042f1c,terantaon,2025-11-21,22:47:44,-08:00,2025-11-21T22:47:44-08:00,4,33
meta\main.js,290,js,428c3f9f,terantaon,2025-11-21,23:16:27,-08:00,2025-11-21T23:16:27-08:00,5,29
meta\main.js,291,js,428c3f9f,terantaon,2025-11-21,23:16:27,-08:00,2025-11-21T23:16:27-08:00,6,16
meta\main.js,292,js,428c3f9f,terantaon,2025-11-21,23:16:27,-08:00,2025-11-21T23:16:27-08:00,6,17
meta\main.js,293,js,428c3f9f,terantaon,2025-11-21,23:16:27,-08:00,2025-11-21T23:16:27-08:00,5,1
meta\main.js,294,js,7e042f1c,terantaon,2025-11-21,22:47:44,-08:00,2025-11-21T22:47:44-08:00,5,15
meta\main.js,295,js,7e042f1c,terantaon,2025-11-21,22:47:44,-08:00,2025-11-21T22:47:44-08:00,4,1
meta\main.js,296,js,7e042f1c,terantaon,2025-11-21,22:47:44,-08:00,2025-11-21T22:47:44-08:00,2,0
meta\main.js,297,js,7e042f1c,terantaon,2025-11-21,22:47:44,-08:00,2025-11-21T22:47:44-08:00,0,0
meta\main.js,298,js,7e042f1c,terantaon,2025-11-21,22:47:44,-08:00,2025-11-21T22:47:44-08:00,1,53
meta\main.js,299,js,428c3f9f,terantaon,2025-11-21,23:16:27,-08:00,2025-11-21T23:16:27-08:00,1,73
meta\main.js,300,js,7e042f1c,terantaon,2025-11-21,22:47:44,-08:00,2025-11-21T22:47:44-08:00,0,0
meta\main.js,301,js,7e042f1c,terantaon,2025-11-21,22:47:44,-08:00,2025-11-21T22:47:44-08:00,1,12
meta\main.js,302,js,7e042f1c,terantaon,2025-11-21,22:47:44,-08:00,2025-11-21T22:47:44-08:00,1,11
meta\main.js,303,js,7e042f1c,terantaon,2025-11-21,22:47:44,-08:00,2025-11-21T22:47:44-08:00,1,15
meta\main.js,304,js,7e042f1c,terantaon,2025-11-21,22:47:44,-08:00,2025-11-21T22:47:44-08:00,1,19
meta\main.js,305,js,7e042f1c,terantaon,2025-11-21,22:47:44,-08:00,2025-11-21T22:47:44-08:00,1,10
meta\main.js,306,js,7e042f1c,terantaon,2025-11-21,22:47:44,-08:00,2025-11-21T22:47:44-08:00,1,19
meta\main.js,307,js,7e042f1c,terantaon,2025-11-21,22:47:44,-08:00,2025-11-21T22:47:44-08:00,1,50
meta\main.js,308,js,7e042f1c,terantaon,2025-11-21,22:47:44,-08:00,2025-11-21T22:47:44-08:00,0,0
meta\main.js,309,js,7e042f1c,terantaon,2025-11-21,22:47:44,-08:00,2025-11-21T22:47:44-08:00,0,0
meta\main.js,310,js,181f9ae1,terantaon,2025-11-21,17:21:37,-08:00,2025-11-21T17:21:37-08:00,0,41
meta\main.js,311,js,181f9ae1,terantaon,2025-11-21,17:21:37,-08:00,2025-11-21T17:21:37-08:00,1,17
meta\main.js,312,js,181f9ae1,terantaon,2025-11-21,17:21:37,-08:00,2025-11-21T17:21:37-08:00,1,17
meta\main.js,313,js,181f9ae1,terantaon,2025-11-21,17:21:37,-08:00,2025-11-21T17:21:37-08:00,1,58
meta\main.js,314,js,181f9ae1,terantaon,2025-11-21,17:21:37,-08:00,2025-11-21T17:21:37-08:00,1,18
meta\main.js,315,js,181f9ae1,terantaon,2025-11-21,17:21:37,-08:00,2025-11-21T17:21:37-08:00,2,14
meta\main.js,316,js,181f9ae1,terantaon,2025-11-21,17:21:37,-08:00,2025-11-21T17:21:37-08:00,2,26
meta\main.js,317,js,181f9ae1,terantaon,2025-11-21,17:21:37,-08:00,2025-11-21T17:21:37-08:00,2,29
meta\main.js,318,js,181f9ae1,terantaon,2025-11-21,17:21:37,-08:00,2025-11-21T17:21:37-08:00,2,16
meta\main.js,319,js,181f9ae1,terantaon,2025-11-21,17:21:37,-08:00,2025-11-21T17:21:37-08:00,2,40
meta\main.js,320,js,181f9ae1,terantaon,2025-11-21,17:21:37,-08:00,2025-11-21T17:21:37-08:00,2,42
meta\main.js,321,js,181f9ae1,terantaon,2025-11-21,17:21:37,-08:00,2025-11-21T17:21:37-08:00,1,0
meta\main.js,322,js,181f9ae1,terantaon,2025-11-21,17:21:37,-08:00,2025-11-21T17:21:37-08:00,0,0
meta\main.js,323,js,181f9ae1,terantaon,2025-11-21,17:21:37,-08:00,2025-11-21T17:21:37-08:00,1,44
meta\main.js,324,js,181f9ae1,terantaon,2025-11-21,17:21:37,-08:00,2025-11-21T17:21:37-08:00,0,0
meta\main.js,325,js,181f9ae1,terantaon,2025-11-21,17:21:37,-08:00,2025-11-21T17:21:37-08:00,1,60
meta\main.js,326,js,181f9ae1,terantaon,2025-11-21,17:21:37,-08:00,2025-11-21T17:21:37-08:00,0,0
meta\main.js,327,js,181f9ae1,terantaon,2025-11-21,17:21:37,-08:00,2025-11-21T17:21:37-08:00,1,67
meta\main.js,328,js,181f9ae1,terantaon,2025-11-21,17:21:37,-08:00,2025-11-21T17:21:37-08:00,1,72
meta\main.js,329,js,181f9ae1,terantaon,2025-11-21,17:21:37,-08:00,2025-11-21T17:21:37-08:00,0,0
meta\main.js,330,js,181f9ae1,terantaon,2025-11-21,17:21:37,-08:00,2025-11-21T17:21:37-08:00,1,34
meta\main.js,331,js,181f9ae1,terantaon,2025-11-21,17:21:37,-08:00,2025-11-21T17:21:37-08:00,0,0
meta\main.js,332,js,181f9ae1,terantaon,2025-11-21,17:21:37,-08:00,2025-11-21T17:21:37-08:00,1,40
meta\main.js,333,js,181f9ae1,terantaon,2025-11-21,17:21:37,-08:00,2025-11-21T17:21:37-08:00,1,33
meta\main.js,334,js,181f9ae1,terantaon,2025-11-21,17:21:37,-08:00,2025-11-21T17:21:37-08:00,1,21
meta\main.js,335,js,181f9ae1,terantaon,2025-11-21,17:21:37,-08:00,2025-11-21T17:21:37-08:00,0,0
meta\main.js,336,js,181f9ae1,terantaon,2025-11-21,17:21:37,-08:00,2025-11-21T17:21:37-08:00,1,32
meta\main.js,337,js,181f9ae1,terantaon,2025-11-21,17:21:37,-08:00,2025-11-21T17:21:37-08:00,0,0
meta\main.js,338,js,181f9ae1,terantaon,2025-11-21,17:21:37,-08:00,2025-11-21T17:21:37-08:00,1,59
meta\main.js,339,js,181f9ae1,terantaon,2025-11-21,17:21:37,-08:00,2025-11-21T17:21:37-08:00,1,2
meta\main.js,340,js,181f9ae1,terantaon,2025-11-21,17:21:37,-08:00,2025-11-21T17:21:37-08:00,2,18
meta\main.js,341,js,181f9ae1,terantaon,2025-11-21,17:21:37,-08:00,2025-11-21T17:21:37-08:00,2,31
meta\main.js,342,js,181f9ae1,terantaon,2025-11-21,17:21:37,-08:00,2025-11-21T17:21:37-08:00,2,13
meta\main.js,343,js,181f9ae1,terantaon,2025-11-21,17:21:37,-08:00,2025-11-21T17:21:37-08:00,2,36
meta\main.js,344,js,181f9ae1,terantaon,2025-11-21,17:21:37,-08:00,2025-11-21T17:21:37-08:00,2,36
meta\main.js,345,js,181f9ae1,terantaon,2025-11-21,17:21:37,-08:00,2025-11-21T17:21:37-08:00,2,37
meta\main.js,346,js,181f9ae1,terantaon,2025-11-21,17:21:37,-08:00,2025-11-21T17:21:37-08:00,2,24
meta\main.js,347,js,181f9ae1,terantaon,2025-11-21,17:21:37,-08:00,2025-11-21T17:21:37-08:00,2,66
meta\main.js,348,js,181f9ae1,terantaon,2025-11-21,17:21:37,-08:00,2025-11-21T17:21:37-08:00,2,36
meta\main.js,349,js,181f9ae1,terantaon,2025-11-21,17:21:37,-08:00,2025-11-21T17:21:37-08:00,3,79
meta\main.js,350,js,181f9ae1,terantaon,2025-11-21,17:21:37,-08:00,2025-11-21T17:21:37-08:00,3,27
meta\main.js,351,js,181f9ae1,terantaon,2025-11-21,17:21:37,-08:00,2025-11-21T17:21:37-08:00,3,28
meta\main.js,352,js,181f9ae1,terantaon,2025-11-21,17:21:37,-08:00,2025-11-21T17:21:37-08:00,3,27
meta\main.js,353,js,181f9ae1,terantaon,2025-11-21,17:21:37,-08:00,2025-11-21T17:21:37-08:00,2,0
meta\main.js,354,js,181f9ae1,terantaon,2025-11-21,17:21:37,-08:00,2025-11-21T17:21:37-08:00,2,28
meta\main.js,355,js,181f9ae1,terantaon,2025-11-21,17:21:37,-08:00,2025-11-21T17:21:37-08:00,3,56
meta\main.js,356,js,181f9ae1,terantaon,2025-11-21,17:21:37,-08:00,2025-11-21T17:21:37-08:00,3,29
meta\main.js,357,js,181f9ae1,terantaon,2025-11-21,17:21:37,-08:00,2025-11-21T17:21:37-08:00,2,1
meta\main.js,358,js,181f9ae1,terantaon,2025-11-21,17:21:37,-08:00,2025-11-21T17:21:37-08:00,0,0
meta\main.js,359,js,181f9ae1,terantaon,2025-11-21,17:21:37,-08:00,2025-11-21T17:21:37-08:00,0,0
meta\main.js,360,js,181f9ae1,terantaon,2025-11-21,17:21:37,-08:00,2025-11-21T17:21:37-08:00,0,29
meta\main.js,361,js,25fa3419,terantaon,2025-11-22,00:44:27,-08:00,2025-11-22T00:44:27-08:00,1,56
meta\main.js,362,js,181f9ae1,terantaon,2025-11-21,17:21:37,-08:00,2025-11-21T17:21:37-08:00,1,29
meta\main.js,363,js,181f9ae1,terantaon,2025-11-21,17:21:37,-08:00,2025-11-21T17:21:37-08:00,1,47
meta\main.js,364,js,25fa3419,terantaon,2025-11-22,00:44:27,-08:00,2025-11-22T00:44:27-08:00,1,52
meta\main.js,365,js,181f9ae1,terantaon,2025-11-21,17:21:37,-08:00,2025-11-21T17:21:37-08:00,1,58
meta\main.js,366,js,181f9ae1,terantaon,2025-11-21,17:21:37,-08:00,2025-11-21T17:21:37-08:00,2,16
meta\main.js,367,js,181f9ae1,terantaon,2025-11-21,17:21:37,-08:00,2025-11-21T17:21:37-08:00,2,16
meta\main.js,368,js,181f9ae1,terantaon,2025-11-21,17:21:37,-08:00,2025-11-21T17:21:37-08:00,1,1
meta\main.js,369,js,181f9ae1,terantaon,2025-11-21,17:21:37,-08:00,2025-11-21T17:21:37-08:00,1,67
meta\main.js,370,js,181f9ae1,terantaon,2025-11-21,17:21:37,-08:00,2025-11-21T17:21:37-08:00,0,0
meta\main.js,371,js,181f9ae1,terantaon,2025-11-21,17:21:37,-08:00,2025-11-21T17:21:37-08:00,1,39
meta\main.js,372,js,7e042f1c,terantaon,2025-11-21,22:47:44,-08:00,2025-11-21T22:47:44-08:00,1,33
meta\main.js,373,js,181f9ae1,terantaon,2025-11-21,17:21:37,-08:00,2025-11-21T17:21:37-08:00,0,0
meta\main.js,374,js,181f9ae1,terantaon,2025-11-21,17:21:37,-08:00,2025-11-21T17:21:37-08:00,0,0
meta\main.js,375,js,a60fa14a,terantaon,2025-11-07,23:48:31,-08:00,2025-11-07T23:48:31-08:00,0,30
meta\main.js,376,js,87d98622,terantaon,2025-11-21,17:45:23,-08:00,2025-11-21T17:45:23-08:00,0,31
meta\main.js,377,js,7e042f1c,terantaon,2025-11-21,22:47:44,-08:00,2025-11-21T22:47:44-08:00,0,0
meta\main.js,378,js,25fa3419,terantaon,2025-11-22,00:44:27,-08:00,2025-11-22T00:44:27-08:00,0,56
meta\main.js,379,js,7e042f1c,terantaon,2025-11-21,22:47:44,-08:00,2025-11-21T22:47:44-08:00,0,51
meta\main.js,380,js,79dc66cc,terantaon,2025-11-21,23:41:34,-08:00,2025-11-21T23:41:34-08:00,0,19
meta\main.js,381,js,79dc66cc,terantaon,2025-11-21,23:41:34,-08:00,2025-11-21T23:41:34-08:00,0,0
meta\main.js,382,js,79dc66cc,terantaon,2025-11-21,23:41:34,-08:00,2025-11-21T23:41:34-08:00,0,25
meta\main.js,383,js,79dc66cc,terantaon,2025-11-21,23:41:34,-08:00,2025-11-21T23:41:34-08:00,1,17
meta\main.js,384,js,79dc66cc,terantaon,2025-11-21,23:41:34,-08:00,2025-11-21T23:41:34-08:00,1,12
meta\main.js,385,js,79dc66cc,terantaon,2025-11-21,23:41:34,-08:00,2025-11-21T23:41:34-08:00,1,10
meta\main.js,386,js,79dc66cc,terantaon,2025-11-21,23:41:34,-08:00,2025-11-21T23:41:34-08:00,1,20
meta\main.js,387,js,79dc66cc,terantaon,2025-11-21,23:41:34,-08:00,2025-11-21T23:41:34-08:00,1,4
meta\main.js,388,js,79dc66cc,terantaon,2025-11-21,23:41:34,-08:00,2025-11-21T23:41:34-08:00,2,9
meta\main.js,389,js,79dc66cc,terantaon,2025-11-21,23:41:34,-08:00,2025-11-21T23:41:34-08:00,0,36
meta\main.js,390,js,79dc66cc,terantaon,2025-11-21,23:41:34,-08:00,2025-11-21T23:41:34-08:00,3,16
meta\main.js,391,js,79dc66cc,terantaon,2025-11-21,23:41:34,-08:00,2025-11-21T23:41:34-08:00,3,17
meta\main.js,392,js,79dc66cc,terantaon,2025-11-21,23:41:34,-08:00,2025-11-21T23:41:34-08:00,2,2
meta\main.js,393,js,79dc66cc,terantaon,2025-11-21,23:41:34,-08:00,2025-11-21T23:41:34-08:00,0,42
meta\main.js,394,js,79dc66cc,terantaon,2025-11-21,23:41:34,-08:00,2025-11-21T23:41:34-08:00,3,72
meta\main.js,395,js,79dc66cc,terantaon,2025-11-21,23:41:34,-08:00,2025-11-21T23:41:34-08:00,2,4
meta\main.js,396,js,79dc66cc,terantaon,2025-11-21,23:41:34,-08:00,2025-11-21T23:41:34-08:00,0,38
meta\main.js,397,js,79dc66cc,terantaon,2025-11-21,23:41:34,-08:00,2025-11-21T23:41:34-08:00,3,9
meta\main.js,398,js,79dc66cc,terantaon,2025-11-21,23:41:34,-08:00,2025-11-21T23:41:34-08:00,4,6
meta\main.js,399,js,79dc66cc,terantaon,2025-11-21,23:41:34,-08:00,2025-11-21T23:41:34-08:00,4,14
meta\main.js,400,js,79dc66cc,terantaon,2025-11-21,23:41:34,-08:00,2025-11-21T23:41:34-08:00,4,12
meta\main.js,401,js,79dc66cc,terantaon,2025-11-21,23:41:34,-08:00,2025-11-21T23:41:34-08:00,3,6
meta\main.js,402,js,79dc66cc,terantaon,2025-11-21,23:41:34,-08:00,2025-11-21T23:41:34-08:00,2,6
meta\main.js,403,js,79dc66cc,terantaon,2025-11-21,23:41:34,-08:00,2025-11-21T23:41:34-08:00,0,65
meta\main.js,404,js,79dc66cc,terantaon,2025-11-21,23:41:34,-08:00,2025-11-21T23:41:34-08:00,0,0
meta\main.js,405,js,79dc66cc,terantaon,2025-11-21,23:41:34,-08:00,2025-11-21T23:41:34-08:00,0,0
meta\main.js,406,js,79dc66cc,terantaon,2025-11-21,23:41:34,-08:00,2025-11-21T23:41:34-08:00,0,0
meta\main.js,407,js,79dc66cc,terantaon,2025-11-21,23:41:34,-08:00,2025-11-21T23:41:34-08:00,0,30
meta\main.js,408,js,79dc66cc,terantaon,2025-11-21,23:41:34,-08:00,2025-11-21T23:41:34-08:00,1,39
meta\main.js,409,js,79dc66cc,terantaon,2025-11-21,23:41:34,-08:00,2025-11-21T23:41:34-08:00,1,30
meta\main.js,410,js,79dc66cc,terantaon,2025-11-21,23:41:34,-08:00,2025-11-21T23:41:34-08:00,1,40
meta\main.js,411,js,25fa3419,terantaon,2025-11-22,00:44:27,-08:00,2025-11-22T00:44:27-08:00,1,56
meta\main.js,412,js,79dc66cc,terantaon,2025-11-21,23:41:34,-08:00,2025-11-21T23:41:34-08:00,1,28
meta\main.js,413,js,25fa3419,terantaon,2025-11-22,00:44:27,-08:00,2025-11-22T00:44:27-08:00,1,52
meta\main.js,414,js,79dc66cc,terantaon,2025-11-21,23:41:34,-08:00,2025-11-21T23:41:34-08:00,1,58
meta\main.js,415,js,79dc66cc,terantaon,2025-11-21,23:41:34,-08:00,2025-11-21T23:41:34-08:00,2,16
meta\main.js,416,js,79dc66cc,terantaon,2025-11-21,23:41:34,-08:00,2025-11-21T23:41:34-08:00,2,16
meta\main.js,417,js,79dc66cc,terantaon,2025-11-21,23:41:34,-08:00,2025-11-21T23:41:34-08:00,1,1
meta\main.js,418,js,bb94bf49,terantaon,2025-11-22,00:16:12,-08:00,2025-11-22T00:16:12-08:00,1,67
meta\main.js,419,js,bb94bf49,terantaon,2025-11-22,00:16:12,-08:00,2025-11-22T00:16:12-08:00,1,0
meta\main.js,420,js,912b3d22,terantaon,2025-11-22,01:22:36,-08:00,2025-11-22T01:22:36-08:00,1,39
meta\main.js,421,js,bb94bf49,terantaon,2025-11-22,00:16:12,-08:00,2025-11-22T00:16:12-08:00,1,33
meta\main.js,422,js,79dc66cc,terantaon,2025-11-21,23:41:34,-08:00,2025-11-21T23:41:34-08:00,0,0
meta\main.js,423,js,79dc66cc,terantaon,2025-11-21,23:41:34,-08:00,2025-11-21T23:41:34-08:00,0,0
meta\main.js,424,js,79dc66cc,terantaon,2025-11-21,23:41:34,-08:00,2025-11-21T23:41:34-08:00,0,27
meta\main.js,425,js,79dc66cc,terantaon,2025-11-21,23:41:34,-08:00,2025-11-21T23:41:34-08:00,0,6
meta\main.js,426,js,79dc66cc,terantaon,2025-11-21,23:41:34,-08:00,2025-11-21T23:41:34-08:00,1,6
meta\main.js,427,js,79dc66cc,terantaon,2025-11-21,23:41:34,-08:00,2025-11-21T23:41:34-08:00,2,22
meta\main.js,428,js,79dc66cc,terantaon,2025-11-21,23:41:34,-08:00,2025-11-21T23:41:34-08:00,2,23
meta\main.js,429,js,79dc66cc,terantaon,2025-11-21,23:41:34,-08:00,2025-11-21T23:41:34-08:00,1,0
meta\main.js,430,js,79dc66cc,terantaon,2025-11-21,23:41:34,-08:00,2025-11-21T23:41:34-08:00,1,24
meta\index.html,1,html,a60fa14a,terantaon,2025-11-07,23:48:31,-08:00,2025-11-07T23:48:31-08:00,0,13
meta\index.html,2,html,a60fa14a,terantaon,2025-11-07,23:48:31,-08:00,2025-11-07T23:48:31-08:00,0,14
meta\index.html,3,html,a60fa14a,terantaon,2025-11-07,23:48:31,-08:00,2025-11-07T23:48:31-08:00,0,4
meta\index.html,4,html,a60fa14a,terantaon,2025-11-07,23:48:31,-08:00,2025-11-07T23:48:31-08:00,2,41
meta\index.html,5,html,a60fa14a,terantaon,2025-11-07,23:48:31,-08:00,2025-11-07T23:48:31-08:00,2,20
meta\index.html,6,html,a60fa14a,terantaon,2025-11-07,23:48:31,-08:00,2025-11-07T23:48:31-08:00,2,68
meta\index.html,7,html,a60fa14a,terantaon,2025-11-07,23:48:31,-08:00,2025-11-07T23:48:31-08:00,2,17
meta\index.html,8,html,a60fa14a,terantaon,2025-11-07,23:48:31,-08:00,2025-11-07T23:48:31-08:00,0,5
meta\index.html,9,html,a60fa14a,terantaon,2025-11-07,23:48:31,-08:00,2025-11-07T23:48:31-08:00,0,4
meta\index.html,10,html,a60fa14a,terantaon,2025-11-07,23:48:31,-08:00,2025-11-07T23:48:31-08:00,2,11
meta\index.html,11,html,181f9ae1,terantaon,2025-11-21,17:21:37,-08:00,2025-11-21T17:21:37-08:00,2,15
meta\index.html,12,html,181f9ae1,terantaon,2025-11-21,17:21:37,-08:00,2025-11-21T17:21:37-08:00,4,5
meta\index.html,13,html,181f9ae1,terantaon,2025-11-21,17:21:37,-08:00,2025-11-21T17:21:37-08:00,6,17
meta\index.html,14,html,6ff62481,terantaon,2025-11-22,01:32:19,-08:00,2025-11-22T01:32:19-08:00,6,70
meta\index.html,15,html,181f9ae1,terantaon,2025-11-21,17:21:37,-08:00,2025-11-21T17:21:37-08:00,6,28
meta\index.html,16,html,181f9ae1,terantaon,2025-11-21,17:21:37,-08:00,2025-11-21T17:21:37-08:00,4,6
meta\index.html,17,html,181f9ae1,terantaon,2025-11-21,17:21:37,-08:00,2025-11-21T17:21:37-08:00,2,4
meta\index.html,18,html,a60fa14a,terantaon,2025-11-07,23:48:31,-08:00,2025-11-07T23:48:31-08:00,2,20
meta\index.html,19,html,79dc66cc,terantaon,2025-11-21,23:41:34,-08:00,2025-11-21T23:41:34-08:00,2,18
meta\index.html,20,html,ac905c3f,terantaon,2025-11-21,23:54:13,-08:00,2025-11-21T23:54:13-08:00,4,28
meta\index.html,21,html,79dc66cc,terantaon,2025-11-21,23:41:34,-08:00,2025-11-21T23:41:34-08:00,4,21
meta\index.html,22,html,79dc66cc,terantaon,2025-11-21,23:41:34,-08:00,2025-11-21T23:41:34-08:00,6,29
meta\index.html,23,html,79dc66cc,terantaon,2025-11-21,23:41:34,-08:00,2025-11-21T23:41:34-08:00,6,20
meta\index.html,24,html,79dc66cc,terantaon,2025-11-21,23:41:34,-08:00,2025-11-21T23:41:34-08:00,6,45
meta\index.html,25,html,79dc66cc,terantaon,2025-11-21,23:41:34,-08:00,2025-11-21T23:41:34-08:00,6,50
meta\index.html,26,html,79dc66cc,terantaon,2025-11-21,23:41:34,-08:00,2025-11-21T23:41:34-08:00,8,13
meta\index.html,27,html,79dc66cc,terantaon,2025-11-21,23:41:34,-08:00,2025-11-21T23:41:34-08:00,8,2
meta\index.html,28,html,79dc66cc,terantaon,2025-11-21,23:41:34,-08:00,2025-11-21T23:41:34-08:00,10,46
meta\index.html,29,html,79dc66cc,terantaon,2025-11-21,23:41:34,-08:00,2025-11-21T23:41:34-08:00,8,3
meta\index.html,30,html,79dc66cc,terantaon,2025-11-21,23:41:34,-08:00,2025-11-21T23:41:34-08:00,8,11
meta\index.html,31,html,79dc66cc,terantaon,2025-11-21,23:41:34,-08:00,2025-11-21T23:41:34-08:00,8,24
meta\index.html,32,html,79dc66cc,terantaon,2025-11-21,23:41:34,-08:00,2025-11-21T23:41:34-08:00,6,3
meta\index.html,33,html,79dc66cc,terantaon,2025-11-21,23:41:34,-08:00,2025-11-21T23:41:34-08:00,4,4
meta\index.html,34,html,79dc66cc,terantaon,2025-11-21,23:41:34,-08:00,2025-11-21T23:41:34-08:00,2,4
meta\index.html,35,html,a60fa14a,terantaon,2025-11-07,23:48:31,-08:00,2025-11-07T23:48:31-08:00,0,0
meta\index.html,36,html,a60fa14a,terantaon,2025-11-07,23:48:31,-08:00,2025-11-07T23:48:31-08:00,2,45
meta\index.html,37,html,a60fa14a,terantaon,2025-11-07,23:48:31,-08:00,2025-11-07T23:48:31-08:00,0,0
meta\index.html,38,html,79dc66cc,terantaon,2025-11-21,23:41:34,-08:00,2025-11-21T23:41:34-08:00,2,18
meta\index.html,39,html,79dc66cc,terantaon,2025-11-21,23:41:34,-08:00,2025-11-21T23:41:34-08:00,0,0
meta\index.html,40,html,cf8b01a9,terantaon,2025-11-08,00:07:01,-08:00,2025-11-08T00:07:01-08:00,2,48
meta\index.html,41,html,a60fa14a,terantaon,2025-11-07,23:48:31,-08:00,2025-11-07T23:48:31-08:00,2,43
meta\index.html,42,html,a60fa14a,terantaon,2025-11-07,23:48:31,-08:00,2025-11-07T23:48:31-08:00,0,5
meta\index.html,43,html,a60fa14a,terantaon,2025-11-07,23:48:31,-08:00,2025-11-07T23:48:31-08:00,0,5
contact\index.html,1,html,d3437527,terantaon,2025-10-03,18:07:25,-07:00,2025-10-03T18:07:25-07:00,0,13
contact\index.html,2,html,d3437527,terantaon,2025-10-03,18:07:25,-07:00,2025-10-03T18:07:25-07:00,0,14
contact\index.html,3,html,d3437527,terantaon,2025-10-03,18:07:25,-07:00,2025-10-03T18:07:25-07:00,0,4
contact\index.html,4,html,f9ca9212,terantaon,2025-10-17,16:37:04,-07:00,2025-10-17T16:37:04-07:00,2,48
contact\index.html,5,html,95f49dcf,terantaon,2025-10-03,23:13:21,-07:00,2025-10-03T23:13:21-07:00,2,41
contact\index.html,6,html,d3437527,terantaon,2025-10-03,18:07:25,-07:00,2025-10-03T18:07:25-07:00,2,20
contact\index.html,7,html,d3437527,terantaon,2025-10-03,18:07:25,-07:00,2025-10-03T18:07:25-07:00,2,68
contact\index.html,8,html,d3437527,terantaon,2025-10-03,18:07:25,-07:00,2025-10-03T18:07:25-07:00,2,20
contact\index.html,9,html,d3437527,terantaon,2025-10-03,18:07:25,-07:00,2025-10-03T18:07:25-07:00,0,5
contact\index.html,10,html,d3437527,terantaon,2025-10-03,18:07:25,-07:00,2025-10-03T18:07:25-07:00,0,4
contact\index.html,11,html,d3437527,terantaon,2025-10-03,18:07:25,-07:00,2025-10-03T18:07:25-07:00,2,2
contact\index.html,12,html,d3437527,terantaon,2025-10-03,18:07:25,-07:00,2025-10-03T18:07:25-07:00,4,5
contact\index.html,13,html,d3437527,terantaon,2025-10-03,18:07:25,-07:00,2025-10-03T18:07:25-07:00,2,3
contact\index.html,14,html,d3437527,terantaon,2025-10-03,18:07:25,-07:00,2025-10-03T18:07:25-07:00,2,71
contact\index.html,15,html,d3437527,terantaon,2025-10-03,18:07:25,-07:00,2025-10-03T18:07:25-07:00,4,5
contact\index.html,16,html,d3437527,terantaon,2025-10-03,18:07:25,-07:00,2025-10-03T18:07:25-07:00,6,4
contact\index.html,17,html,d3437527,terantaon,2025-10-03,18:07:25,-07:00,2025-10-03T18:07:25-07:00,6,31
contact\index.html,18,html,d3437527,terantaon,2025-10-03,18:07:25,-07:00,2025-10-03T18:07:25-07:00,4,6
contact\index.html,19,html,d3437527,terantaon,2025-10-03,18:07:25,-07:00,2025-10-03T18:07:25-07:00,4,5
contact\index.html,20,html,d3437527,terantaon,2025-10-03,18:07:25,-07:00,2025-10-03T18:07:25-07:00,6,6
contact\index.html,21,html,d3437527,terantaon,2025-10-03,18:07:25,-07:00,2025-10-03T18:07:25-07:00,6,20
contact\index.html,22,html,d3437527,terantaon,2025-10-03,18:07:25,-07:00,2025-10-03T18:07:25-07:00,4,6
contact\index.html,23,html,d3437527,terantaon,2025-10-03,18:07:25,-07:00,2025-10-03T18:07:25-07:00,4,5
contact\index.html,24,html,593ace94,terantaon,2025-10-10,22:54:19,-07:00,2025-10-10T22:54:19-07:00,6,6
contact\index.html,25,html,d3437527,terantaon,2025-10-03,18:07:25,-07:00,2025-10-03T18:07:25-07:00,6,31
contact\index.html,26,html,d3437527,terantaon,2025-10-03,18:07:25,-07:00,2025-10-03T18:07:25-07:00,4,6
contact\index.html,27,html,593ace94,terantaon,2025-10-10,22:54:19,-07:00,2025-10-10T22:54:19-07:00,4,19
contact\index.html,28,html,d3437527,terantaon,2025-10-03,18:07:25,-07:00,2025-10-03T18:07:25-07:00,2,5
contact\index.html,29,html,d3437527,terantaon,2025-10-03,18:07:25,-07:00,2025-10-03T18:07:25-07:00,0,5
contact\index.html,30,html,d3437527,terantaon,2025-10-03,18:07:25,-07:00,2025-10-03T18:07:25-07:00,0,5
